Code,Species,NCBI_Chromosome,Physical_Length_Mb,Map_Length_Morgans,Fraction_Functional,Mean_Global_Va,Local_Variance_vi,Z_Theoretical,Q2_bar_linked,Linked_Penalty,Total_Chrom_Ne_N
GTN,Parus major (NL),1,114.05986,1.3815,0.08518932749586167,0.04482373436199354,0.0038185037861513758,0.9,12.724789587567923,0.9759979152271775,0.8330058546445753
GTN,Parus major (NL),1A,71.365269,1.1282,0.061316035999866174,0.04482373436199354,0.0027484137097884345,0.9,15.01851736561564,0.9795729677133805,0.8345327525614112
GTN,Parus major (NL),2,150.265477,1.2741,0.09750720523078246,0.04482373436199354,0.00437063706564498,0.9,13.6038280786027,0.9707088534518884,0.8292732609126615
GTN,Parus major (NL),3,111.636321,1.0705,0.08779786798455874,0.04482373436199354,0.0039354283120892385,0.9,15.66497599898112,0.9696460266855464,0.8277497812778868
GTN,Parus major (NL),4,68.030631,0.9733,0.05543630480396515,0.04482373436199354,0.0024848622005434404,0.9,16.893627881744887,0.979229570864089,0.833865746885732
GTN,Parus major (NL),4A,19.934923,0.6552,0.022738776329562237,0.04482373436199354,0.0010192368699130842,0.9,22.809812058262835,0.9884430004321582,0.8396156919952166
GTN,Parus major (NL),5,61.875929,1.0105,0.06999027353589232,0.04482373436199354,0.003137225428896104,0.9,16.400713332561082,0.9746017358745274,0.8308480090638212
GTN,Parus major (NL),6,34.342011,0.7807,0.03870598994055784,0.04482373436199354,0.001734947011313559,0.9,20.027090668253265,0.9827770693666271,0.8358191338599632
GTN,Parus major (NL),7,37.653027,0.8367,0.04621842882156041,0.04482373436199354,0.00207168257612633,0.9,18.998803467341077,0.9805126370502373,0.8343712080772299
GTN,Parus major (NL),8,31.324166,0.4974,0.036386495111276805,0.04482373436199354,0.0016309785912318481,0.9,27.70581630751092,0.9776595317280223,0.8313198253226692
GTN,Parus major (NL),9,25.106277,0.5657,0.03017458246304979,0.04482373436199354,0.0013525374688078127,0.9,25.341583594624705,0.9830082947557551,0.835472347737571
GTN,Parus major (NL),10,20.202851,0.5667,0.030958634248306034,0.04482373436199354,0.0013876815977561852,0.9,25.310071466506802,0.9825921382897332,0.8351685427027881
GTN,Parus major (NL),11,20.315886,0.5849,0.02547588776887181,0.04482373436199354,0.0011419244259878703,0.9,24.75043240954428,0.9859678201654679,0.8376877921698962
GTN,Parus major (NL),12,20.46635,0.5542,0.026941907279155096,0.04482373436199354,0.0012076368950863082,0.9,25.709918810293733,0.9845957548034051,0.8366154885735995
GTN,Parus major (NL),13,16.48034,0.5417,0.021693599652045904,0.04482373436199354,9.723881481587412e-4,0.9,26.12311534097202,0.9873794122157833,0.8386454979969185
GTN,Parus major (NL),14,16.193477,0.5165,0.030255915139986204,0.04482373436199354,0.0013561831031137603,0.9,26.999587413961564,0.9818583847058511,0.834500194635395
GTN,Parus major (NL),15,13.820886,0.4893,0.02705088191387499,0.04482373436199354,0.001212521545165188,0.9,28.01707642629857,0.9831577885223979,0.8354005767638593
GTN,Parus major (NL),17,10.486032,0.5005,0.0211728235742087,0.04482373436199354,9.490450195836854e-4,0.9,27.588588424406517,0.986993913513396,0.8382848278263646
GTN,Parus major (NL),18,11.572643,0.5102,0.023387247099984226,0.04482373436199354,0.0010483037514679968,0.9,27.228356739848174,0.9858295650314202,0.8374371080508135
GTN,Parus major (NL),19,9.871655,0.5152,0.02240416525270485,0.04482373436199354,0.001004238351889448,0.9,27.046465757392394,0.9865112505256152,0.8379534492412443
GTN,Parus major (NL),20,14.661763,0.5094,0.023516734138534803,0.04482373436199354,0.001054107844087309,0.9,27.25769584134021,0.9857364270309581,0.8373662468409101
GTN,Parus major (NL),21,7.693166,0.5308,0.018179366831881136,0.04482373436199354,8.148671097414761e-4,0.9,26.494860885992548,0.9892631604364364,0.8400207102361834
GTN,Parus major (NL),22,4.276343,0.5575,0.00965488975877413,0.04482373436199354,4.3276821384162354e-4,0.9,25.603089609485174,0.9944752163828187,0.8438988500471868
GTN,Parus major (NL),23,6.655392,0.4033,0.014889934025736495,0.04482373436199354,6.674224474372218e-4,0.9,31.836845050559194,0.9894319261451812,0.8399536897728815
GTN,Parus major (NL),24,6.808513,0.5233,0.012079774530843485,0.04482373436199354,5.414606047233036e-4,0.9,26.757106062313476,0.9927822148195963,0.8426176283527299
GTN,Parus major (NL),25LG1,1.09296,0.0458,0.005806006031841624,0.04482373436199354,2.6024687207540115e-4,0.9,78.9261205007233,0.9897824197953867,0.8396707487866759
GTN,Parus major (NL),25LG2,0.809223,0.0576,0.004580718499718801,0.04482373436199354,2.0532490921846514e-4,0.9,74.97461557170931,0.9923324685811954,0.8417556150286352
GTN,Parus major (NL),26,6.596997,0.5491,0.016990045708805118,0.04482373436199354,7.615572956496089e-4,0.9,25.876852464407634,0.9901950323409144,0.8407358820481927
GTN,Parus major (NL),27,4.327975,0.5432,0.014419224145210295,0.04482373436199354,6.463234727909497e-4,0.9,26.07280433480804,0.9916096642794237,0.8417722718149586
GTN,Parus major (NL),28,5.10101,0.5243,0.01609056684335215,0.04482373436199354,7.212392939203177e-4,0.9,26.721828486447905,0.9904098651233342,0.8408607187370506
GTN,Parus major (NL),LGE22,0.773534,0.3459,0.00299038983923055,0.04482373436199354,1.3404043979247475e-4,0.9,35.06045501537333,0.9976529991187925,0.8461664749711524
GTN,Parus major (NL),1,114.05986,1.3815,0.08518932749586167,0.04482373436199354,0.0038185037861513758,0.99,140.96609146208093,0.764036453473411,0.6520985639165908
GTN,Parus major (NL),1A,71.365269,1.1282,0.061316035999866174,0.04482373436199354,0.0027484137097884345,0.99,171.48961028582653,0.7900475084917475,0.6730693308686911
GTN,Parus major (NL),2,150.265477,1.2741,0.09750720523078246,0.04482373436199354,0.00437063706564498,0.99,152.4684112523275,0.7166325553984834,0.6122167465333915
GTN,Parus major (NL),3,111.636321,1.0705,0.08779786798455874,0.04482373436199354,0.0039354283120892385,0.99,180.39526321256523,0.7011970639613493,0.5985851541213302
GTN,Parus major (NL),4,68.030631,0.9733,0.05543630480396515,0.04482373436199354,0.0024848622005434404,0.99,197.69981187333653,0.7822128452932976,0.6660955897078795
GTN,Parus major (NL),4A,19.934923,0.6552,0.022738776329562237,0.04482373436199354,0.0010192368699130842,0.99,288.42794182161134,0.863304167531927,0.7333186898058497
GTN,Parus major (NL),5,61.875929,1.0105,0.06999027353589232,0.04482373436199354,0.003137225428896104,0.99,190.6972963233692,0.7414628619982592,0.6320971120918744
GTN,Parus major (NL),6,34.342011,0.7807,0.03870598994055784,0.04482373436199354,0.001734947011313559,0.99,244.1691805404647,0.8091181767583007,0.6881280351039499
GTN,Parus major (NL),7,37.653027,0.8367,0.04621842882156041,0.04482373436199354,0.00207168257612633,0.99,228.5392986298399,0.7892039960200563,0.6715763435335443
GTN,Parus major (NL),8,31.324166,0.4974,0.036386495111276805,0.04482373436199354,0.0016309785912318481,0.99,373.8461534349899,0.7372210229238181,0.6268710446856492
GTN,Parus major (NL),9,25.106277,0.5657,0.03017458246304979,0.04482373436199354,0.0013525374688078127,0.99,331.33414836609177,0.7992584448096994,0.6793008084434884
GTN,Parus major (NL),10,20.202851,0.5667,0.030958634248306034,0.04482373436199354,0.0013876815977561852,0.99,330.7838632305511,0.7949219542354679,0.6756555280778445
GTN,Parus major (NL),11,20.315886,0.5849,0.02547588776887181,0.04482373436199354,0.0011419244259878703,0.99,321.0806000402734,0.8324976416799603,0.7072980448068743
GTN,Parus major (NL),12,20.46635,0.5542,0.026941907279155096,0.04482373436199354,0.0012076368950863082,0.99,337.7974992894193,0.8154881715161224,0.6929240063351455
GTN,Parus major (NL),13,16.48034,0.5417,0.021693599652045904,0.04482373436199354,9.723881481587412e-4,0.99,345.1171195619501,0.8455280814229692,0.7181619447827596
GTN,Parus major (NL),14,16.193477,0.5165,0.030255915139986204,0.04482373436199354,0.0013561831031137603,0.99,360.88934379777726,0.7829268460950803,0.6654244803820201
GTN,Parus major (NL),15,13.820886,0.4893,0.02705088191387499,0.04482373436199354,0.001212521545165188,0.99,379.628375379372,0.794411418866632,0.6750205971580534
GTN,Parus major (NL),17,10.486032,0.5005,0.0211728235742087,0.04482373436199354,9.490450195836854e-4,0.99,371.679873884299,0.838307360929704,0.7120006841997543
GTN,Parus major (NL),18,11.572643,0.5102,0.023387247099984226,0.04482373436199354,0.0010483037514679968,0.99,365.06192923255463,0.8258452307702582,0.7015344906315114
GTN,Parus major (NL),19,9.871655,0.5152,0.02240416525270485,0.04482373436199354,0.001004238351889448,0.99,361.7424690935455,0.8339033000855057,0.7083265865118099
GTN,Parus major (NL),20,14.661763,0.5094,0.023516734138534803,0.04482373436199354,0.001054107844087309,0.99,365.59874540521184,0.8247373947933211,0.7006003207039279
GTN,Parus major (NL),21,7.693166,0.5308,0.018179366831881136,0.04482373436199354,8.148671097414761e-4,0.99,351.7655910419424,0.8664757943027798,0.7357573204399636
GTN,Parus major (NL),22,4.276343,0.5575,0.00965488975877413,0.04482373436199354,4.3276821384162354e-4,0.99,335.9169733373555,0.9298917529606893,0.7890941554543561
GTN,Parus major (NL),23,6.655392,0.4033,0.014889934025736495,0.04482373436199354,6.674224474372218e-4,0.99,454.35013423621973,0.8593132637160428,0.7294926790376872
GTN,Parus major (NL),24,6.808513,0.5233,0.012079774530843485,0.04482373436199354,5.414606047233036e-4,0.99,356.49206712460034,0.9079979072972844,0.7706574833586328
GTN,Parus major (NL),25LG1,1.09296,0.0458,0.005806006031841624,0.04482373436199354,2.6024687207540115e-4,0.99,2746.4926778930103,0.6995044912078736,0.5934167430793315
GTN,Parus major (NL),25LG2,0.809223,0.0576,0.004580718499718801,0.04482373436199354,2.0532490921846514e-4,0.99,2337.1723016159613,0.7866751818303148,0.6673048322767421
GTN,Parus major (NL),26,6.596997,0.5491,0.016990045708805118,0.04482373436199354,7.615572956496089e-4,0.99,340.74582602315616,0.878316093391184,0.7457438498238447
GTN,Parus major (NL),27,4.327975,0.5432,0.014419224145210295,0.04482373436199354,6.463234727909497e-4,0.99,344.22194549549715,0.8947245605829233,0.7595270126353852
GTN,Parus major (NL),28,5.10101,0.5243,0.01609056684335215,0.04482373436199354,7.212392939203177e-4,0.99,355.8544933743538,0.8795647274557156,0.7467528898372502
GTN,Parus major (NL),LGE22,0.773534,0.3459,0.00299038983923055,0.04482373436199354,1.3404043979247475e-4,0.99,523.2862742990294,0.9655370913038313,0.8189271397210327
GTN,Parus major (NL),1,114.05986,1.3815,0.08518932749586167,0.04482373436199354,0.0038185037861513758,0.999,1441.5586041199222,0.06378109214648156,0.05443661543198841
GTN,Parus major (NL),1A,71.365269,1.1282,0.061316035999866174,0.04482373436199354,0.0027484137097884345,0.999,1763.4442405974007,0.0886253660642952,0.07550307442746788
GTN,Parus major (NL),2,150.265477,1.2741,0.09750720523078246,0.04482373436199354,0.00437063706564498,0.999,1562.4803845945173,0.03289227860455995,0.028099761365371248
GTN,Parus major (NL),3,111.636321,1.0705,0.08779786798455874,0.04482373436199354,0.0039354283120892385,0.999,1857.9571044482248,0.025837496336961238,0.02205648386431599
GTN,Parus major (NL),4,68.030631,0.9733,0.05543630480396515,0.04482373436199354,0.0024848622005434404,0.999,2042.365901668394,0.07906389828746692,0.06732708913089659
GTN,Parus major (NL),4A,19.934923,0.6552,0.022738776329562237,0.04482373436199354,0.0010192368699130842,0.999,3025.28303111385,0.21400840187842995,0.18178570980561165
GTN,Parus major (NL),5,61.875929,1.0105,0.06999027353589232,0.04482373436199354,0.003137225428896104,0.999,1967.6219374020525,0.045664376704527304,0.03892888251020041
GTN,Parus major (NL),6,34.342011,0.7807,0.03870598994055784,0.04482373436199354,0.001734947011313559,0.999,2542.468304127336,0.11019278097503675,0.09371528663314516
GTN,Parus major (NL),7,37.653027,0.8367,0.04621842882156041,0.04482373436199354,0.00207168257612633,0.999,2373.471475745312,0.08555979843377366,0.07280745773639057
GTN,Parus major (NL),8,31.324166,0.4974,0.036386495111276805,0.04482373436199354,0.0016309785912318481,0.999,3974.629100330917,0.039114286880661535,0.033259515283177506
GTN,Parus major (NL),9,25.106277,0.5657,0.03017458246304979,0.04482373436199354,0.0013525374688078127,0.999,3499.286791330768,0.0938123986730695,0.07973245534592015
GTN,Parus major (NL),10,20.202851,0.5667,0.030958634248306034,0.04482373436199354,0.0013876815977561852,0.999,3493.170863260619,0.08859282005733563,0.07530076166699208
GTN,Parus major (NL),11,20.315886,0.5849,0.02547588776887181,0.04482373436199354,0.0011419244259878703,0.999,3385.4838517703456,0.14471581560225627,0.12295195602182561
GTN,Parus major (NL),12,20.46635,0.5542,0.026941907279155096,0.04482373436199354,0.0012076368950863082,0.999,3571.192182131916,0.1157466278722677,0.09835043585724075
GTN,Parus major (NL),13,16.48034,0.5417,0.021693599652045904,0.04482373436199354,9.723881481587412e-4,0.999,3652.7814986560666,0.16932070179493894,0.1438150750574607
GTN,Parus major (NL),14,16.193477,0.5165,0.030255915139986204,0.04482373436199354,0.0013561831031137603,0.999,3829.157577423714,0.07453254503855457,0.06334663359826426
GTN,Parus major (NL),15,13.820886,0.4893,0.02705088191387499,0.04482373436199354,0.001212521545165188,0.999,4039.7167619638617,0.08636940237062879,0.0733890830113984
GTN,Parus major (NL),17,10.486032,0.5005,0.0211728235742087,0.04482373436199354,9.490450195836854e-4,0.999,3950.2710597135233,0.1534328084715876,0.1303152873300618
GTN,Parus major (NL),18,11.572643,0.5102,0.023387247099984226,0.04482373436199354,0.0010483037514679968,0.999,3875.947972938566,0.13112746674703488,0.1113894434025888
GTN,Parus major (NL),19,9.871655,0.5152,0.02240416525270485,0.04482373436199354,0.001004238351889448,0.999,3838.719919393306,0.14551226758753522,0.12359971208328761
GTN,Parus major (NL),20,14.661763,0.5094,0.023516734138534803,0.04482373436199354,0.001054107844087309,0.999,3881.9716352368423,0.12924979190505692,0.10979548912328782
GTN,Parus major (NL),21,7.693166,0.5308,0.018179366831881136,0.04482373436199354,8.148671097414761e-4,0.999,3727.03480011054,0.2190360309667646,0.18599176605226328
GTN,Parus major (NL),22,4.276343,0.5575,0.00965488975877413,0.04482373436199354,4.3276821384162354e-4,0.999,3550.2576581884277,0.46383827502998415,0.3936071814131507
GTN,Parus major (NL),23,6.655392,0.4033,0.014889934025736495,0.04482373436199354,6.674224474372218e-4,0.999,4890.1118734203055,0.19556055223712804,0.16601627973089642
GTN,Parus major (NL),24,6.808513,0.5233,0.012079774530843485,0.04482373436199354,5.414606047233036e-4,0.999,3779.9061895395366,0.3593943068040548,0.30503364577067416
GTN,Parus major (NL),25LG1,1.09296,0.0458,0.005806006031841624,0.04482373436199354,2.6024687207540115e-4,0.999,40038.55799496631,0.005461920886948712,0.004633558961277467
GTN,Parus major (NL),25LG2,0.809223,0.0576,0.004580718499718801,0.04482373436199354,2.0532490921846514e-4,0.999,32298.752562883692,0.036302480056773334,0.03079392985190192
GTN,Parus major (NL),26,6.596997,0.5491,0.016990045708805118,0.04482373436199354,7.615572956496089e-4,0.999,3604.036028393551,0.25351305313909916,0.21524802021855605
GTN,Parus major (NL),27,4.327975,0.5432,0.014419224145210295,0.04482373436199354,6.463234727909497e-4,0.999,3642.794309656164,0.3081367088939378,0.2615756449527141
GTN,Parus major (NL),28,5.10101,0.5243,0.01609056684335215,0.04482373436199354,7.212392939203177e-4,0.999,3772.7700884505516,0.25652349570973965,0.21778915837896218
GTN,Parus major (NL),LGE22,0.773534,0.3459,0.00299038983923055,0.04482373436199354,1.3404043979247475e-4,0.999,5689.854893107985,0.6829488406383522,0.5792479084200893
GTU,Parus major (UK),1,114.05986,1.3988,0.08518932749586167,0.0856940199863849,0.007300215933057058,0.9,12.593921774198353,0.9550714025790565,0.7190851631409695
GTU,Parus major (UK),1A,71.365269,0.9358,0.061316035999866174,0.0856940199863849,0.005254417614458428,0.9,17.42233359757512,0.9552596331574322,0.7170180284366435
GTU,Parus major (UK),2,150.265477,1.3969,0.09750720523078246,0.0856940199863849,0.008355784393863207,0.9,12.608160039313764,0.9486877800043461,0.7154160088154595
GTU,Parus major (UK),3,111.636321,1.1487,0.08779786798455874,0.0856940199863849,0.00752375225383076,0.9,14.801797438021312,0.9458393653507944,0.7123740370194724
GTU,Parus major (UK),4,68.030631,0.9765,0.05543630480396515,0.0856940199863849,0.004750559811842315,0.9,16.850033223924804,0.9607668173133808,0.7206066609707047
GTU,Parus major (UK),4A,19.934923,0.5938,0.022738776329562237,0.0856940199863849,0.0019485771532514423,0.9,24.486001418519784,0.9764258837248422,0.7292861699640253
GTU,Parus major (UK),5,61.875929,0.9857,0.06999027353589232,0.0856940199863849,0.005997747899237303,0.9,16.72597580576733,0.9510781024756192,0.7146768699553819
GTU,Parus major (UK),6,34.342011,0.7802,0.03870598994055784,0.0856940199863849,0.0033168718755589768,0.9,20.03678943795955,0.967316310858458,0.7239620245950386
GTU,Parus major (UK),7,37.653027,0.7264,0.04621842882156041,0.0856940199863849,0.003960642963174106,0.9,21.140260067039783,0.9589997055502225,0.7184299819328775
GTU,Parus major (UK),8,31.324166,0.5383,0.036386495111276805,0.0856940199863849,0.003118105039300251,0.9,26.237904138232544,0.9599190984137574,0.7182120938220298
GTU,Parus major (UK),9,25.106277,0.542,0.03017458246304979,0.0856940199863849,0.002585781272669408,0.9,26.113037004116304,0.9668022517996335,0.7227863237773247
GTU,Parus major (UK),10,20.202851,0.5047,0.030958634248306034,0.0856940199863849,0.0026529698220255173,0.9,27.43140086653133,0.9642667227050191,0.7209631779051583
GTU,Parus major (UK),11,20.315886,0.5823,0.02547588776887181,0.0856940199863849,0.0021831312356365993,0.9,24.828804142070915,0.9732617019987014,0.7271776471539625
GTU,Parus major (UK),12,20.46635,0.5192,0.026941907279155096,0.0856940199863849,0.0023087603408512456,0.9,26.902762790801223,0.9694212685547378,0.7244442460451375
GTU,Parus major (UK),13,16.48034,0.4095,0.021693599652045904,0.0856940199863849,0.0018590117621590542,0.9,31.525311247908142,0.9711222065666056,0.7252278584261205
GTU,Parus major (UK),14,16.193477,0.492,0.030255915139986204,0.0856940199863849,0.0025927509967123433,0.9,27.91251673904196,0.9644617523905212,0.7210440685573134
GTU,Parus major (UK),15,13.820886,0.4915,0.02705088191387499,0.0856940199863849,0.002318098815376941,0.9,27.931818281667265,0.9681440822958003,0.72349990841096
GTU,Parus major (UK),17,10.486032,0.4536,0.0211728235742087,0.0856940199863849,0.0018143843665364417,0.9,29.48059424500468,0.9736099041440214,0.7270371944834904
GTU,Parus major (UK),18,11.572643,0.4991,0.023387247099984226,0.0856940199863849,0.0020041472204125705,0.9,27.641401914062353,0.9726813726811171,0.726549729693725
GTU,Parus major (UK),19,9.871655,0.4943,0.02240416525270485,0.0856940199863849,0.0019199029849435595,0.9,27.824086253397084,0.9736437781129871,0.727177086047556
GTU,Parus major (UK),20,14.661763,0.4944,0.023516734138534803,0.0856940199863849,0.0020152434852821013,0.9,27.82025468290287,0.9723569654803701,0.7263194520174573
GTU,Parus major (UK),21,7.693166,0.4676,0.018179366831881136,0.0856940199863849,0.0015578630246310449,0.9,28.888043081934907,0.9777494703147053,0.7298487765731156
GTU,Parus major (UK),22,4.276343,0.5769,0.00965488975877413,0.0856940199863849,8.273663159547332e-4,0.9,24.99323324742448,0.9897139869565239,0.7379749706758435
GTU,Parus major (UK),23,6.655392,0.5143,0.014889934025736495,0.0856940199863849,0.0012759783039974159,0.9,27.0790193332868,0.9828722559043622,0.7333640984290947
GTU,Parus major (UK),24,6.808513,0.4951,0.012079774530843485,0.0856940199863849,0.001035164440077125,0.9,27.793464426561076,0.9857175725166651,0.7352229016198144
GTU,Parus major (UK),25LG1,1.09296,0.0443,0.005806006031841624,0.0856940199863849,4.975399969337074e-4,0.9,79.46161895596208,0.9804264324327997,0.7306903529473978
GTU,Parus major (UK),25LG2,0.809223,0.0368,0.004580718499718801,0.0856940199863849,3.92540182666906e-4,0.9,82.264188114062,0.9839836482356855,0.7332267120595368
GTU,Parus major (UK),26,6.596997,0.5345,0.016990045708805118,0.0856940199863849,0.0014559453165399387,0.9,26.367444852945745,0.9809882677961317,0.7321550016942522
GTU,Parus major (UK),27,4.327975,0.4915,0.014419224145210295,0.0856940199863849,0.0012356412820878147,0.9,27.931818281667265,0.9828911927966916,0.7333340854386454
GTU,Parus major (UK),28,5.10101,0.487,0.01609056684335215,0.0856940199863849,0.0013788653566664812,0.9,28.1067915931717,0.9808088009469409,0.7319368436327138
GTU,Parus major (UK),LGE22,0.773534,0.0444,0.00299038983923055,0.0856940199863849,2.562585266501051e-4,0.9,79.42567002513528,0.9898748553417976,0.7374668304404144
GTU,Parus major (UK),1,114.05986,1.3988,0.08518932749586167,0.0856940199863849,0.007300215933057058,0.99,139.27410173906014,0.6014778864265531,0.45286019759231755
GTU,Parus major (UK),1A,71.365269,0.9358,0.061316035999866174,0.0856940199863849,0.005254417614458428,0.99,205.3017206303921,0.5831152145454689,0.4376863702518628
GTU,Parus major (UK),2,150.265477,1.3969,0.09750720523078246,0.0856940199863849,0.008355784393863207,0.99,139.45793317578728,0.558422066571687,0.42111229270747746
GTU,Parus major (UK),3,111.636321,1.1487,0.08779786798455874,0.0856940199863849,0.00752375225383076,0.99,168.534323853793,0.5304629042048166,0.39952661561861214
GTU,Parus major (UK),4,68.030631,0.9765,0.05543630480396515,0.0856940199863849,0.004750559811842315,0.99,197.07720830074524,0.6261824273825971,0.46965738202376167
GTU,Parus major (UK),4A,19.934923,0.5938,0.022738776329562237,0.0856940199863849,0.0019485771532514423,0.99,316.54118387375945,0.7346196038829643,0.5486826253033567
GTU,Parus major (UK),5,61.875929,0.9857,0.06999027353589232,0.0856940199863849,0.005997747899237303,0.99,195.30895835187843,0.5567121564922761,0.41833504570484
GTU,Parus major (UK),6,34.342011,0.7802,0.03870598994055784,0.0856940199863849,0.0033168718755589768,0.99,244.3184175424378,0.6668524686832296,0.4990878970144361
GTU,Parus major (UK),7,37.653027,0.7264,0.04621842882156041,0.0856940199863849,0.003960642963174106,0.99,261.52359493145764,0.595769880520315,0.446318118786896
GTU,Parus major (UK),8,31.324166,0.5383,0.036386495111276805,0.0856940199863849,0.003118105039300251,0.99,347.1636396742279,0.5820223981688529,0.4354695368921519
GTU,Parus major (UK),9,25.106277,0.542,0.03017458246304979,0.0856940199863849,0.002585781272669408,0.99,344.9377099312989,0.6402050679440663,0.47862059346837715
GTU,Parus major (UK),10,20.202851,0.5047,0.030958634248306034,0.0856940199863849,0.0026529698220255173,0.99,368.7849357988217,0.6131242617467875,0.4584208972385573
GTU,Parus major (UK),11,20.315886,0.5823,0.02547588776887181,0.0856940199863849,0.0021831312356365993,0.99,322.4315577060902,0.703311627879225,0.5254830162606361
GTU,Parus major (UK),12,20.46635,0.5192,0.026941907279155096,0.0856940199863849,0.0023087603408512456,0.99,359.13035311745625,0.6606223338027444,0.4936801616141614
GTU,Parus major (UK),13,16.48034,0.4095,0.021693599652045904,0.0856940199863849,0.0018590117621590542,0.99,447.98431674641176,0.6594137758653521,0.49244599418467877
GTU,Parus major (UK),14,16.193477,0.492,0.030255915139986204,0.0856940199863849,0.0025927509967123433,0.99,377.6810498149089,0.6128614064835115,0.4581831066886086
GTU,Parus major (UK),15,13.820886,0.4915,0.02705088191387499,0.0856940199863849,0.002318098815376941,0.99,378.0401458493112,0.6452178888063828,0.4821752175043542
GTU,Parus major (UK),17,10.486032,0.4536,0.0211728235742087,0.0856940199863849,0.0018143843665364417,0.99,407.4194772705322,0.6910053138957125,0.5160039587206241
GTU,Parus major (UK),18,11.572643,0.4991,0.023387247099984226,0.0856940199863849,0.0020041472204125705,0.99,372.65505401390396,0.6883706880752946,0.5141822917525457
GTU,Parus major (UK),19,9.871655,0.4943,0.02240416525270485,0.0856940199863849,0.0019199029849435595,0.99,376.0380207004557,0.6969941515143188,0.5205581214442421
GTU,Parus major (UK),20,14.661763,0.4944,0.023516734138534803,0.0856940199863849,0.0020152434852821013,0.99,375.9669112508502,0.684660328648887,0.5114192959749935
GTU,Parus major (UK),21,7.693166,0.4676,0.018179366831881136,0.0856940199863849,0.0015578630246310449,0.99,396.04593308227726,0.7345533455622455,0.5483131178928042
GTU,Parus major (UK),22,4.276343,0.5769,0.00965488975877413,0.0856940199863849,8.273663159547332e-4,0.99,325.274276891764,0.8741000029040272,0.6517680183489117
GTU,Parus major (UK),23,6.655392,0.5143,0.014889934025736495,0.0856940199863849,0.0012759783039974159,0.99,362.33547786298845,0.7936076334772038,0.5921454625819537
GTU,Parus major (UK),24,6.808513,0.4951,0.012079774530843485,0.0856940199863849,0.001035164440077125,0.99,375.46990265280016,0.8233807523225187,0.6141397929174416
GTU,Parus major (UK),25LG1,1.09296,0.0443,0.005806006031841624,0.0856940199863849,4.975399969337074e-4,0.99,2809.505568566624,0.49712155964310334,0.3704938135664527
GTU,Parus major (UK),25LG2,0.809223,0.0368,0.004580718499718801,0.0856940199863849,3.92540182666906e-4,0.99,3176.0884589692782,0.5361339877928195,0.39950639606415395
GTU,Parus major (UK),26,6.596997,0.5345,0.016990045708805118,0.0856940199863849,0.0014559453165399387,0.99,349.48004173584854,0.7753723487602282,0.578694732604283
GTU,Parus major (UK),27,4.327975,0.4915,0.014419224145210295,0.0856940199863849,0.0012356412820878147,0.99,378.0401458493112,0.7917092958442968,0.590693473149621
GTU,Parus major (UK),28,5.10101,0.487,0.01609056684335215,0.0856940199863849,0.0013788653566664812,0.99,381.3032360064469,0.768831913603409,0.5737473028215833
GTU,Parus major (UK),LGE22,0.773534,0.0444,0.00299038983923055,0.0856940199863849,2.562585266501051e-4,0.99,2805.211122598754,0.6980743700054196,0.5200725023789258
GTU,Parus major (UK),1,114.05986,1.3988,0.08518932749586167,0.0856940199863849,0.007300215933057058,0.999,1423.8097782587954,0.0055328102247989884,0.004165721779946475
GTU,Parus major (UK),1A,71.365269,0.9358,0.061316035999866174,0.0856940199863849,0.005254417614458428,0.999,2123.692096643135,0.003774895494864605,0.0028334371424612605
GTU,Parus major (UK),2,150.265477,1.3969,0.09750720523078246,0.0856940199863849,0.008355784393863207,0.999,1425.7376707215399,0.002588754804402206,0.0019522087972491723
GTU,Parus major (UK),3,111.636321,1.1487,0.08779786798455874,0.0856940199863849,0.00752375225383076,0.999,1732.1399850294524,0.0014794334653720272,0.0011142589628186
GTU,Parus major (UK),4,68.030631,0.9765,0.05543630480396515,0.0856940199863849,0.004750559811842315,0.999,2035.713701026265,0.00794359092617537,0.005957954032420869
GTU,Parus major (UK),4A,19.934923,0.5938,0.022738776329562237,0.0856940199863849,0.0019485771532514423,0.999,3335.206896304862,0.038795385115340246,0.028976021933292812
GTU,Parus major (UK),5,61.875929,0.9857,0.06999027353589232,0.0856940199863849,0.005997747899237303,0.999,2016.8278816616898,0.0023620802291186684,0.0017749584396233077
GTU,Parus major (UK),6,34.342011,0.7802,0.03870598994055784,0.0856940199863849,0.0033168718755589768,0.999,2544.085736601564,0.014710360840675032,0.011009576182259772
GTU,Parus major (UK),7,37.653027,0.7264,0.04621842882156041,0.0856940199863849,0.003960642963174106,0.999,2731.0374261798297,0.004479104763578806,0.0033554996271110593
GTU,Parus major (UK),8,31.324166,0.5383,0.036386495111276805,0.0856940199863849,0.003118105039300251,0.999,3675.6233125254166,0.0032454872478494858,0.0024282756699002136
GTU,Parus major (UK),9,25.106277,0.542,0.03017458246304979,0.0856940199863849,0.002585781272669408,0.999,3650.7796785488026,0.008914653801168819,0.006664640919795597
GTU,Parus major (UK),10,20.202851,0.5047,0.030958634248306034,0.0856940199863849,0.0026529698220255173,0.999,3917.742599615741,0.005534099358301502,0.004137736755045628
GTU,Parus major (UK),11,20.315886,0.5823,0.02547588776887181,0.0856940199863849,0.0021831312356365993,0.999,3400.4590895322235,0.02443291141793815,0.018255179466664308
GTU,Parus major (UK),12,20.46635,0.5192,0.026941907279155096,0.0856940199863849,0.0023087603408512456,0.999,3809.4489012411536,0.012307428302737795,0.009197286986310874
GTU,Parus major (UK),13,16.48034,0.4095,0.021693599652045904,0.0856940199863849,0.0018590117621590542,0.999,4816.994204658867,0.01136264063592047,0.008485547420018788
GTU,Parus major (UK),14,16.193477,0.492,0.030255915139986204,0.0856940199863849,0.0025927509967123433,0.999,4017.7850828176647,0.005469554341823679,0.004089109501801146
GTU,Parus major (UK),15,13.820886,0.4915,0.02705088191387499,0.0856940199863849,0.002318098815376941,0.999,4021.8285037865667,0.00945229277568831,0.007063755367142358
GTU,Parus major (UK),17,10.486032,0.4536,0.0211728235742087,0.0856940199863849,0.0018143843665364417,0.999,4353.992080814235,0.01925648134391456,0.014379658744548201
GTU,Parus major (UK),18,11.572643,0.4991,0.023387247099984226,0.0856940199863849,0.0020041472204125705,0.999,3961.2343591691547,0.01888384630624744,0.01410539341528019
GTU,Parus major (UK),19,9.871655,0.4943,0.02240416525270485,0.0856940199863849,0.0019199029849435595,0.999,3999.2896783139454,0.0215124359341499,0.016066810909733473
GTU,Parus major (UK),20,14.661763,0.4944,0.023516734138534803,0.0856940199863849,0.0020152434852821013,0.999,3998.4893958415087,0.017792738524673675,0.013290604740766656
GTU,Parus major (UK),21,7.693166,0.4676,0.018179366831881136,0.0856940199863849,0.0015578630246310449,0.999,4225.085826144738,0.037214660636044415,0.027779175914110645
GTU,Parus major (UK),22,4.276343,0.5769,0.00965488975877413,0.0856940199863849,8.273663159547332e-4,0.999,3431.9890914168514,0.24177298164604283,0.18027673791811072
GTU,Parus major (UK),23,6.655392,0.5143,0.014889934025736495,0.0856940199863849,0.0012759783039974159,0.999,3845.3680529929943,0.08600902010800057,0.0641751022163467
GTU,Parus major (UK),24,6.808513,0.4951,0.012079774530843485,0.0856940199863849,0.001035164440077125,0.999,3992.8963821913553,0.12660893769229525,0.09443454508320419
GTU,Parus major (UK),25LG1,1.09296,0.0443,0.005806006031841624,0.0856940199863849,4.975399969337074e-4,0.999,41298.941248891235,3.452117855292913e-5,2.5727878509363677e-5
GTU,Parus major (UK),25LG2,0.809223,0.0368,0.004580718499718801,0.0856940199863849,3.92540182666906e-4,0.999,49028.57421826537,6.61991629230666e-5,4.932906624841349e-5
GTU,Parus major (UK),26,6.596997,0.5345,0.016990045708805118,0.0856940199863849,0.0014559453165399387,0.999,3701.4931346093504,0.0675703638416749,0.05043075587858504
GTU,Parus major (UK),27,4.327975,0.4915,0.014419224145210295,0.0856940199863849,0.0012356412820878147,0.999,4021.8285037865667,0.08334483291086245,0.06218349219796749
GTU,Parus major (UK),28,5.10101,0.487,0.01609056684335215,0.0856940199863849,0.0013788653566664812,0.999,4058.589219536157,0.06092424719047155,0.04546523353607766
GTU,Parus major (UK),LGE22,0.773534,0.0444,0.00299038983923055,0.0856940199863849,2.562585266501051e-4,0.999,41212.43229578511,0.005089790594210885,0.003791945736233553
CF,Ficedula albicollis,1,120.002344,2.462,0.08253454504731117,0.024839297492212913,0.00205010011781461,0.9,7.74604965246798,0.9920913505862009,0.905806910967854
CF,Ficedula albicollis,1A,74.947036,2.061,0.06147100080217852,0.024839297492212913,0.001526896476069371,0.9,9.054136696396288,0.9931114707337619,0.9058728390664853
CF,Ficedula albicollis,2,157.563209,3.161,0.0973886588416302,0.024839297492212913,0.002419065869334884,0.9,6.19422407816023,0.992535877929056,0.906823751003449
CF,Ficedula albicollis,3,115.844353,2.259,0.0863243386610583,0.024839297492212913,0.002144235928820564,0.9,8.356529299079295,0.9910808287313804,0.9050398503217316
CF,Ficedula albicollis,4,70.439523,1.672,0.05122654382252568,0.024839297492212913,0.001272431361505597,0.9,10.839331301610873,0.993127571351132,0.9054671858447589
CF,Ficedula albicollis,4A,21.182716,0.803,0.022044354221950713,0.024839297492212913,5.475662725427535e-4,0.9,19.60415370321723,0.9946470914629837,0.9056555170413189
CF,Ficedula albicollis,5,64.724594,1.704,0.0710683041000096,0.024839297492212913,0.001765286747807193,0.9,10.665822779424165,0.9906300562748473,0.9040025505704997
CF,Ficedula albicollis,6,37.227452,1.213,0.03933355866422775,0.024839297492212913,9.770179650881617e-4,0.9,14.161723609716205,0.993105745975214,0.9049598065399895
CF,Ficedula albicollis,7,39.412007,1.225,0.045783233004570066,0.024839297492212913,0.0011372233447558167,0.9,14.048487507173538,0.992043686381576,0.9042560303302312
CF,Ficedula albicollis,8,32.100816,0.96,0.037594376240589145,0.024839297492212913,9.338178954741746e-4,0.9,17.077328991387894,0.9920581467799241,0.9039340219716673
CF,Ficedula albicollis,9,26.793321,0.966,0.030398822297926516,0.024839297492212913,7.550853904711121e-4,0.9,16.993950709303597,0.9936045962546265,0.9050483162850937
CF,Ficedula albicollis,10,21.346708,0.94,0.03110637158189386,0.024839297492212913,7.726604176259791e-4,0.9,17.361432794393906,0.993315197411647,0.904813680139547
CF,Ficedula albicollis,11,21.727166,0.81,0.02623533850112555,0.024839297492212913,6.516673778383647e-4,0.9,19.475162928162476,0.9936744270279377,0.9049414309783803
CF,Ficedula albicollis,12,21.938106,0.847,0.027102496041938318,0.024839297492212913,6.732069619672288e-4,0.9,18.821389806344484,0.9936846806616004,0.9049862736692769
CF,Ficedula albicollis,13,18.641552,0.878,0.021594490136392253,0.024839297492212913,5.363919646905046e-4,0.9,18.307422177708116,0.9951020571582866,0.906051339421935
CF,Ficedula albicollis,14,17.374186,0.876,0.03009854785690323,0.024839297492212913,7.476267843012267e-4,0.9,18.339708413960253,0.9931678175984632,0.9046381741359348
CF,Ficedula albicollis,15,14.943019,0.593,0.026330941210499035,0.024839297492212913,6.540420819775543e-4,0.9,24.50953059750779,0.9920169033152355,0.9034358282073944
CF,Ficedula albicollis,17,12.378331,0.738,0.021449930078603924,0.024839297492212913,5.328011944096088e-4,0.9,20.89184658473612,0.9944498588537405,0.9054515850794267
CF,Ficedula albicollis,18,13.163162,0.797,0.02461260723514977,0.024839297492212913,6.11359873172877e-4,0.9,19.716127500160425,0.9939913002733256,0.9051635543977791
CF,Ficedula albicollis,19,11.933672,0.58,0.022842841679195678,0.024839297492212913,5.674001400370618e-4,0.9,24.898563535832658,0.9929611652428632,0.9041530882686302
CF,Ficedula albicollis,20,15.67594,0.537,0.023061182529665537,0.024839297492212913,5.728235733765854e-4,0.9,26.282071571009688,0.9925007655594823,0.9037427916747544
CF,Ficedula albicollis,21,8.07307,0.483,0.01695465580124501,0.024839297492212913,4.2114173932519827e-4,0.9,28.264252155352978,0.9940660476980522,0.9049181233909084
CF,Ficedula albicollis,22,5.733621,0.532,0.009820430367947126,0.024839297492212913,2.4393259141100056e-4,0.9,26.453396712600593,0.9967787765029712,0.9070949147634662
CF,Ficedula albicollis,23,7.944683,0.491,0.015025241427262056,0.024839297492212913,3.7321644170408395e-4,0.9,27.951147646303845,0.9947976653263544,0.9055051199075278
CF,Ficedula albicollis,24,8.009359,0.505,0.012323136508703435,0.024839297492212913,3.0609805377683464e-4,0.9,27.420244485328077,0.9958121518599156,0.9063178056997123
CF,Ficedula albicollis,25,2.80242,0.479,0.009100144872378901,0.024839297492212913,2.2604120570725544e-4,0.9,28.423562113843285,0.9967927062652435,0.907078053791959
CF,Ficedula albicollis,26,7.653694,0.463,0.01675436467740697,0.024839297492212913,4.1616664851513557e-4,0.9,29.079980305045183,0.9939672118150077,0.9048199553958298
CF,Ficedula albicollis,27,5.572044,0.735,0.014845393139878931,0.024839297492212913,3.687491365903095e-4,0.9,20.955511854755883,0.9961437908925598,0.9067230438542894
CF,Ficedula albicollis,28,6.18235,0.482,0.01650483227686999,0.024839297492212913,4.099684389842515e-4,0.9,28.30390496602837,0.9942149443834114,0.9050352562792505
CF,Ficedula albicollis,LGE22,2.153636,0.533,0.007363558364480604,0.024839297492212913,1.8290561681660647e-4,0.9,26.41894615482746,0.9975868295674946,0.9077294407127872
CF,Ficedula albicollis,LG34,0.476164,0.163,8.223374331090313e-4,0.024839297492212913,2.0426284139977965e-5,0.9,52.413925488470085,0.99946483238584,0.9091694523062951
CF,Ficedula albicollis,LG35,0.248039,0.372,4.4171128768656165e-4,0.024839297492212913,1.0971798080514947e-5,0.9,33.51354453917169,0.9998161649779058,0.9094734006544839
CF,Ficedula albicollis,LG35,0.248039,0.097,4.4171128768656165e-4,0.024839297492212913,1.0971798080514947e-5,0.9,64.41391851984338,0.9996466941734207,0.9093192431260645
CF,Ficedula albicollis,1,120.002344,2.462,0.08253454504731117,0.024839297492212913,0.00205010011781461,0.99,80.20366247240543,0.9210759614882742,0.840967891665887
CF,Ficedula albicollis,1A,74.947036,2.061,0.06147100080217852,0.024839297492212913,0.001526896476069371,0.99,95.46320742370715,0.9297112568902115,0.8480419374966492
CF,Ficedula albicollis,2,157.563209,3.161,0.0973886588416302,0.024839297492212913,0.002419065869334884,0.99,62.73608419683539,0.9269261705309783,0.8468798816804539
CF,Ficedula albicollis,3,115.844353,2.259,0.0863243386610583,0.024839297492212913,0.002144235928820564,0.99,87.2639012607785,0.9106859281746373,0.8316244570892327
CF,Ficedula albicollis,4,70.439523,1.672,0.05122654382252568,0.024839297492212913,0.001272431361505597,0.99,117.09171814376774,0.9282115700904101,0.8462811248859714
CF,Ficedula albicollis,4A,21.182716,0.803,0.022044354221950713,0.024839297492212913,5.475662725427535e-4,0.99,237.69455003016103,0.9369955374186744,0.853162076468907
CF,Ficedula albicollis,5,64.724594,1.704,0.0710683041000096,0.024839297492212913,0.001765286747807193,0.99,114.94836944679068,0.9035187499126189,0.8245088559908008
CF,Ficedula albicollis,6,37.227452,1.213,0.03933355866422775,0.024839297492212913,9.770179650881617e-4,0.99,159.89375155012874,0.9248631171450042,0.8427742473140456
CF,Ficedula albicollis,7,39.412007,1.225,0.045783233004570066,0.024839297492212913,0.0011372233447558167,0.99,158.37869464885085,0.9138800299227545,0.8330092105824526
CF,Ficedula albicollis,8,32.100816,0.96,0.037594376240589145,0.024839297492212913,9.338178954741746e-4,0.99,200.33040143970675,0.9107051795958463,0.8298076060304996
CF,Ficedula albicollis,9,26.793321,0.966,0.030398822297926516,0.024839297492212913,7.550853904711121e-4,0.99,199.13501820152237,0.9275746788257911,0.8449033996666759
CF,Ficedula albicollis,10,21.346708,0.94,0.03110637158189386,0.024839297492212913,7.726604176259791e-4,0.99,204.4212354683069,0.9240638586972756,0.8417324358376203
CF,Ficedula albicollis,11,21.727166,0.81,0.02623533850112555,0.024839297492212913,6.516673778383647e-4,0.99,235.732714654067,0.9260661042408896,0.8433703864744451
CF,Ficedula albicollis,12,21.938106,0.847,0.027102496041938318,0.024839297492212913,6.732069619672288e-4,0.99,225.88081982944118,0.9267862984586596,0.8440593832758039
CF,Ficedula albicollis,13,18.641552,0.878,0.021594490136392253,0.024839297492212913,5.363919646905046e-4,0.99,218.24172913321814,0.9431484789424713,0.8587470365199523
CF,Ficedula albicollis,14,17.374186,0.876,0.03009854785690323,0.024839297492212913,7.476267843012267e-4,0.99,218.71887750045752,0.9214930485494629,0.8393523975983014
CF,Ficedula albicollis,15,14.943019,0.593,0.026330941210499035,0.024839297492212913,6.540420819775543e-4,0.99,316.9439312932631,0.9015431846802462,0.8210408623022313
CF,Ficedula albicollis,17,12.378331,0.738,0.021449930078603924,0.024839297492212913,5.328011944096088e-4,0.99,257.61100831131785,0.9336741975865216,0.8501150406184684
CF,Ficedula albicollis,18,13.163162,0.797,0.02461260723514977,0.024839297492212913,6.11359873172877e-4,0.99,239.40242927633557,0.9294330341875331,0.846374519141731
CF,Ficedula albicollis,19,11.933672,0.58,0.022842841679195678,0.024839297492212913,5.674001400370618e-4,0.99,323.63620897137434,0.9122733434259113,0.8306817926781097
CF,Ficedula albicollis,20,15.67594,0.537,0.023061182529665537,0.024839297492212913,5.728235733765854e-4,0.99,347.95260582191827,0.905147171993477,0.82420110943971725
CF,Ficedula albicollis,21,8.07307,0.483,0.01695465580124501,0.024839297492212913,4.2114173932519827e-4,0.99,384.2517772385989,0.9222746351047217,0.8395649705395676
CF,Ficedula albicollis,22,5.733621,0.532,0.009820430367947126,0.024839297492212913,2.4393259141100056e-4,0.99,351.0210406207831,0.9580907891449901,0.8718878282743475
CF,Ficedula albicollis,23,7.944683,0.491,0.015025241427262056,0.024839297492212913,3.7321644170408395e-4,0.99,378.399930444539,0.9318228683379131,0.8481829094865138
CF,Ficedula albicollis,24,8.009359,0.505,0.012323136508703435,0.024839297492212913,3.0609805377683464e-4,0.99,368.57989158289746,0.945150794104553,0.860209420188599
CF,Ficedula albicollis,25,2.80242,0.479,0.009100144872378901,0.024839297492212913,2.2604120570725544e-4,0.99,387.2466247242012,0.9571771001910317,0.8710279837706573
CF,Ficedula albicollis,26,7.653694,0.463,0.01675436467740697,0.024839297492212913,4.1616664851513557e-4,0.99,399.71171415301734,0.9201916253302247,0.8376611778436318
CF,Ficedula albicollis,27,5.572044,0.735,0.014845393139878931,0.024839297492212913,3.687491365903095e-4,0.99,258.6115581628591,0.9534375092280678,0.8678503730044007
CF,Ficedula albicollis,28,6.18235,0.482,0.01650483227686999,0.024839297492212913,4.099684389842515e-4,0.99,384.9961053386844,0.924115582238838,0.841223708744254
CF,Ficedula albicollis,LGE22,2.153636,0.533,0.007363558364480604,0.024839297492212913,1.8290561681660647e-4,0.99,350.4030019193287,0.9684626723418702,0.8812286348018781
CF,Ficedula albicollis,LG34,0.476164,0.163,8.223374331090313e-4,0.024839297492212913,2.0426284139977965e-5,0.99,1021.1688748456644,0.9896248542225972,0.9002184544647545
CF,Ficedula albicollis,LG35,0.248039,0.372,4.4171128768656165e-4,0.024839297492212913,1.0971798080514947e-5,0.99,489.49217227850266,0.9973182975673225,0.9072012389833056
CF,Ficedula albicollis,LG35,0.248039,0.097,4.4171128768656165e-4,0.024839297492212913,1.0971798080514947e-5,0.99,1570.6030764810507,0.9914208429028876,0.9018366746396317
CF,Ficedula albicollis,1,120.002344,2.462,0.08253454504731117,0.024839297492212913,0.00205010011781461,0.999,810.5793568113387,0.4356638072116553,0.39777313570742173
CF,Ficedula albicollis,1A,74.947036,2.061,0.06147100080217852,0.024839297492212913,0.001526896476069371,0.999,967.7741770837644,0.47766506625291655,0.43570517755645943
CF,Ficedula albicollis,2,157.563209,3.161,0.0973886588416302,0.024839297492212913,0.002419065869334884,0.999,631.728386204081,0.465754648498029,0.42553361222521435
CF,Ficedula albicollis,3,115.844353,2.259,0.0863243386610583,0.024839297492212913,0.002144235928820564,0.999,883.2012165940729,0.3879433750897602,0.35426395501360886
CF,Ficedula albicollis,4,70.439523,1.672,0.05122654382252568,0.024839297492212913,0.001272431361505597,0.999,1192.049628866992,0.4684149802045053,0.42706939789847415
CF,Ficedula albicollis,4A,21.182716,0.803,0.022044354221950713,0.024839297492212913,5.475662725427535e-4,0.999,2472.36563539689,0.5081939984107128,0.4627256263434996
CF,Ficedula albicollis,5,64.724594,1.704,0.0710683041000096,0.024839297492212913,0.001765286747807193,0.999,1169.748673541894,0.3561259153598731,0.32498381587592196
CF,Ficedula albicollis,6,37.227452,1.213,0.03933355866422775,0.024839297492212913,9.770179650881617e-4,0.999,1640.7839437086425,0.44863856420184656,0.40881836593120946
CF,Ficedula albicollis,7,39.412007,1.225,0.045783233004570066,0.024839297492212913,0.0011372233447558167,0.999,1624.7916320315942,0.3969775745559127,0.3618483446100783
CF,Ficedula albicollis,8,32.100816,0.96,0.037594376240589145,0.024839297492212913,9.338178954741746e-4,0.999,2070.4866133515015,0.3803251531528273,0.3465410232881146
CF,Ficedula albicollis,9,26.793321,0.966,0.030398822297926516,0.024839297492212913,7.550853904711121e-4,0.999,2057.705251622453,0.45984234031269827,0.4188583038216464
CF,Ficedula albicollis,10,21.346708,0.94,0.03110637158189386,0.024839297492212913,7.726604176259791e-4,0.999,2114.262754154076,0.44184171526656457,0.4024748936402637
CF,Ficedula albicollis,11,21.727166,0.81,0.02623533850112555,0.024839297492212913,6.516673778383647e-4,0.999,2451.1511274700324,0.44992804276888143,0.40975043312564385
CF,Ficedula albicollis,12,21.938106,0.847,0.027102496041938318,0.024839297492212913,6.732069619672288e-4,0.999,2344.805996347096,0.4541762862506933,0.413635545442146
CF,Ficedula albicollis,13,18.641552,0.878,0.021594490136392253,0.024839297492212913,5.363919646905046e-4,0.999,2262.5648409129208,0.5450864897458766,0.4963072285725298
CF,Ficedula albicollis,14,17.374186,0.876,0.03009854785690323,0.024839297492212913,7.476267843012267e-4,0.999,2267.6961434147543,0.42840117924622656,0.39021407432240524
CF,Ficedula albicollis,15,14.943019,0.593,0.026330941210499035,0.024839297492212913,6.540420819775543e-4,0.999,3339.6649621932843,0.33549752069107064,0.3055396328975131
CF,Ficedula albicollis,17,12.378331,0.738,0.021449930078603924,0.024839297492212913,5.328011944096088e-4,0.999,2688.439463307015,0.4886045154590733,0.4448768623782877
CF,Ficedula albicollis,18,13.163162,0.797,0.02461260723514977,0.024839297492212913,6.11359873172877e-4,0.999,2490.84413526101,0.4670116489932632,0.4252772876700942
CF,Ficedula albicollis,19,11.933672,0.58,0.022842841679195678,0.024839297492212913,5.674001400370618e-4,0.999,3413.8173720598597,0.3796520029775733,0.34569683384907307
CF,Ficedula albicollis,20,15.67594,0.537,0.023061182529665537,0.024839297492212913,5.728235733765854e-4,0.999,3684.432688753052,0.3481001861800231,0.31697006688301815
CF,Ficedula albicollis,21,8.07307,0.483,0.01695465580124501,0.024839297492212913,4.2114173932519827e-4,0.999,4091.8347308956227,0.4224766086750328,0.3845888719206026
CF,Ficedula albicollis,22,5.733621,0.532,0.009820430367947126,0.024839297492212913,2.4393259141100056e-4,0.999,3718.71244719414,0.6353637674551623,0.5781977466509765
CF,Ficedula albicollis,23,7.944683,0.491,0.015025241427262056,0.024839297492212913,3.7321644170408395e-4,0.999,4025.8800790026294,0.4717706516984625,0.42942475181113754
CF,Ficedula albicollis,24,8.009359,0.505,0.012323136508703435,0.024839297492212913,3.0609805377683464e-4,0.999,3915.4396438031413,0.5492210774723948,0.4998621887161259
CF,Ficedula albicollis,25,2.80242,0.479,0.009100144872378901,0.024839297492212913,2.2604120570725544e-4,0.999,4125.629923788957,0.6273308656392904,0.570869005271687
CF,Ficedula albicollis,26,7.653694,0.463,0.01675436467740697,0.024839297492212913,4.1616664851513557e-4,0.999,4266.589675191652,0.41155765354576174,0.3746457360943563
CF,Ficedula albicollis,27,5.572044,0.735,0.014845393139878931,0.024839297492212913,3.687491365903095e-4,0.999,2699.328185360549,0.6079349038021779,0.5533624678289328
CF,Ficedula albicollis,28,6.18235,0.482,0.01650483227686999,0.024839297492212913,4.099684389842515e-4,0.999,4100.231466903515,0.4315021667733627,0.3927970267364834
CF,Ficedula albicollis,LGE22,2.153636,0.533,0.007363558364480604,0.024839297492212913,1.8290561681660647e-4,0.999,3711.805516317827,0.7121583157306984,0.6480108302125998
CF,Ficedula albicollis,LG34,0.476164,0.163,8.223374331090313e-4,0.024839297492212913,2.0426284139977965e-5,0.999,11897.630928595507,0.8855802536583545,0.8055736311100273
CF,Ficedula albicollis,LG35,0.248039,0.372,4.4171128768656165e-4,0.024839297492212913,1.0971798080514947e-5,0.999,5295.987004606846,0.9713647378920532,0.8835928267533655
CF,Ficedula albicollis,LG35,0.248039,0.097,4.4171128768656165e-4,0.024839297492212913,1.0971798080514947e-5,0.999,19662.862829172213,0.8977456598854047,0.8166259226633181
AB,Papio cynocephalus,1,218.172882,1.72,0.11161195144934355,0.2798270292121671,0.031232040798642436,0.9,10.581172067916821,0.847693795288034,0.41213323944828434
AB,Papio cynocephalus,2,193.66075,1.15,0.06560773665815087,0.2798270292121671,0.01835881804238455,0.9,14.788269982632205,0.8730629842075519,0.4192197132713822
AB,Papio cynocephalus,3,184.919515,1.64,0.044255530939981164,0.2798270292121671,0.012383893749142075,0.9,11.018688276718617,0.93404829681617485,0.44594428845677425
AB,Papio cynocephalus,4,182.120902,1.11,0.0644086263934989,0.2798270292121671,0.018023274579329174,0.9,15.216446139000807,0.8718611551970304,0.41850777104469855
AB,Papio cynocephalus,5,173.900761,1.33,0.05122907365875511,0.2798270292121671,0.014335279491220728,0.9,13.13135386736355,0.9101727940791501,0.43535656893493396
AB,Papio cynocephalus,6,167.138247,1.13,0.05567143089314022,0.2798270292121671,0.015578371118817892,0.9,14.999228236825285,0.8897348589036557,0.4260873372120303
AB,Papio cynocephalus,7,161.768468,1.16,0.07315546073601688,0.2798270292121671,0.02047087524840694,0.9,14.685053093114368,0.8604429665629039,0.41399965881531986
AB,Papio cynocephalus,8,140.274886,0.93,0.03832378109180889,0.2798270292121671,0.010724029811098304,0.9,17.507160333242467,0.9103977794910286,0.43396497128347195
AB,Papio cynocephalus,9,127.591819,0.91,0.05928258161641723,0.2798270292121671,0.016588868697749865,0.9,17.806294831191455,0.8626957981656765,0.4135387733492537
AB,Papio cynocephalus,10,126.462689,0.89,0.04536122103575806,0.2798270292121671,0.012693295723872641,0.9,18.116134259079256,0.8913868909074771,0.4257021479048998
AB,Papio cynocephalus,11,125.913696,0.88,0.043708574522484736,0.2798270292121671,0.01223084055972552,0.9,18.275252695541536,0.8942580928999284,0.42688479577675414
AB,Papio cynocephalus,12,123.34345,1.36,0.06717647417792486,0.2798270292121671,0.01879779320215657,0.9,12.891352483941994,0.8858882286992537,0.4255574272352364
AB,Papio cynocephalus,13,106.849001,0.76,0.044705652102142106,0.2798270292121671,0.0125098498167351,0.9,20.43689154627785,0.8800018915862026,0.4201913568124262
AB,Papio cynocephalus,14,106.654974,1.26,0.03717417362248498,0.2798270292121671,0.010402338568197276,0.9,13.728547448781699,0.9310851926312383,0.44369009600427417
AB,Papio cynocephalus,15,91.985775,0.77,0.02100357964894443,0.2798270292121671,0.005877369295985252,0.9,20.236781187897297,0.9422642550624928,0.44708915313068087
AB,Papio cynocephalus,16,91.184193,0.77,0.050906683113552835,0.2798270292121671,0.014245065902710683,0.9,20.236781187897297,0.8657690076282137,0.4140814809426397
AB,Papio cynocephalus,17,74.525926,0.69,0.06423953173866456,0.2798270292121671,0.017975957324411224,0.9,21.961000249989723,0.820874534419041,0.394015451391494
AB,Papio cynocephalus,18,72.894408,0.98,0.044362483787914325,0.2798270292121671,0.012413822046844993,0.9,16.802615365083547,0.9009618730473002,0.430160072995199
AB,Papio cynocephalus,19,72.123344,0.63,0.017815452813016292,0.2798270292121671,0.004985245234735895,0.9,23.468175521230698,0.9431807821811296,0.4471454784600583
AB,Papio cynocephalus,1,218.172882,1.72,0.11161195144934355,0.2798270292121671,0.031232040798642436,0.99,113.90592501137594,0.16884785284433868,0.0820907419087332
AB,Papio cynocephalus,2,193.66075,1.15,0.06560773665815087,0.2798270292121671,0.01835881804238455,0.99,168.3503582476381,0.21323577571655464,0.10238968135412739
AB,Papio cynocephalus,3,184.919515,1.64,0.044255530939981164,0.2798270292121671,0.012383893749142075,0.99,119.3167316674878,0.47768542791387003,0.22806217728069372
AB,Papio cynocephalus,4,182.120902,1.11,0.0644086263934989,0.2798270292121671,0.018023274579329174,0.99,174.20188457724475,0.20807759853253024,0.09988068793649069
AB,Papio cynocephalus,5,173.900761,1.33,0.05122907365875511,0.2798270292121671,0.014335279491220728,0.99,146.25623387008233,0.3505289446358129,0.1676660515912544
AB,Papio cynocephalus,6,167.138247,1.13,0.05567143089314022,0.2798270292121671,0.015578371118817892,0.99,171.22596237454002,0.2634976594655985,0.12618704882670737
AB,Papio cynocephalus,7,161.768468,1.16,0.07315546073601688,0.2798270292121671,0.02047087524840694,0.99,166.94860007757603,0.18108441367457764,0.08712824485917474
AB,Papio cynocephalus,8,140.274886,0.93,0.03832378109180889,0.2798270292121671,0.010724029811098304,0.99,206.53022692758822,0.3304109305076776,0.15749903305967206
AB,Papio cynocephalus,9,127.591819,0.91,0.05928258161641723,0.2798270292121671,0.016588868697749865,0.99,210.8821038515343,0.17392210268117234,0.08337067730482024
AB,Papio cynocephalus,10,126.462689,0.89,0.04536122103575806,0.2798270292121671,0.012693295723872641,0.99,215.4221834565299,0.2548172289446186,0.12169378166921932
AB,Papio cynocephalus,11,125.913696,0.88,0.043708574522484736,0.2798270292121671,0.01223084055972552,0.99,217.76666742047368,0.26401887182072126,0.12603256607151544
AB,Papio cynocephalus,12,123.34345,1.36,0.06717647417792486,0.2798270292121671,0.01879779320215657,0.99,143.1272059692271,0.26047775635527454,0.1251266697711013
AB,Papio cynocephalus,13,106.849001,0.76,0.044705652102142106,0.2798270292121671,0.0125098498167351,0.99,250.50483054846143,0.20869343870767026,0.099648853038672
AB,Papio cynocephalus,14,106.654974,1.26,0.03717417362248498,0.2798270292121671,0.010402338568197276,0.99,154.11987505381398,0.4486090154688698,0.21377568746343284
AB,Papio cynocephalus,15,91.985775,0.77,0.02100357964894443,0.2798270292121671,0.005877369295985252,0.99,247.40338131900816,0.4833373033007667,0.2293357351169763
AB,Papio cynocephalus,16,91.184193,0.77,0.050906683113552835,0.2798270292121671,0.014245065902710683,0.99,247.40338131900816,0.1716772985297354,0.08211011181166225
AB,Papio cynocephalus,17,74.525926,0.69,0.06423953173866456,0.2798270292121671,0.017975957324411224,0.99,274.61592090528444,0.08473368679885303,0.040671723207669194
AB,Papio cynocephalus,18,72.894408,0.98,0.044362483787914325,0.2798270292121671,0.012413822046844993,0.99,196.40072864522645,0.29551317796849685,0.1410913979922635
AB,Papio cynocephalus,19,72.123344,0.63,0.017815452813016292,0.2798270292121671,0.004985245234735895,0.99,299.3355089879662,0.47419793508451147,0.22480893013723005
AB,Papio cynocephalus,1,218.172882,1.72,0.11161195144934355,0.2798270292121671,0.031232040798642436,0.999,1158.9082876849848,1.3814660391961796e-8,6.716435546496549e-9
AB,Papio cynocephalus,2,193.66075,1.15,0.06560773665815087,0.2798270292121671,0.01835881804238455,0.999,1730.1922849590044,1.2661147785932875e-7,6.079518706571987e-8
AB,Papio cynocephalus,3,184.919515,1.64,0.044255530939981164,0.2798270292121671,0.012383893749142075,0.999,1215.217693398765,5.396642351450677e-4,2.576528260558454e-4
AB,Papio cynocephalus,4,182.120902,1.11,0.0644086263934989,0.2798270292121671,0.018023274579329174,0.999,1792.2003892935656,9.679602972822766e-8,4.646369482808553e-8
AB,Papio cynocephalus,5,173.900761,1.33,0.05122907365875511,0.2798270292121671,0.014335279491220728,0.999,1497.115991047766,2.1861398953450177e-5,1.0456809632637918e-5
AB,Papio cynocephalus,6,167.138247,1.13,0.05567143089314022,0.2798270292121671,0.015578371118817892,0.999,1760.6503131597462,1.1068061921216044e-6,5.300411673113369e-7
AB,Papio cynocephalus,7,161.768468,1.16,0.07315546073601688,0.2798270292121671,0.02047087524840694,0.999,1715.3552178159173,2.370899475435316e-8,1.140751464140051e-8
AB,Papio cynocephalus,8,140.274886,0.93,0.03832378109180889,0.2798270292121671,0.010724029811098304,0.999,2136.8527691662366,1.0566347204346281e-5,5.036726433657249e-6
AB,Papio cynocephalus,9,127.591819,0.91,0.05928258161641723,0.2798270292121671,0.016588868697749865,0.999,2183.5133917649573,1.3629783466739125e-8,6.533524271053404e-9
AB,Papio cynocephalus,10,126.462689,0.89,0.04536122103575806,0.2798270292121671,0.012693295723872641,0.999,2232.258408657896,7.033873813342014e-7,3.359186926546943e-7
AB,Papio cynocephalus,11,125.913696,0.88,0.043708574522484736,0.2798270292121671,0.01223084055972552,0.999,2257.4567203905362,1.0102662896034365e-6,4.822626959058037e-7
AB,Papio cynocephalus,12,123.34345,1.36,0.06717647417792486,0.2798270292121671,0.01879779320215657,0.999,1464.243008757846,1.054684763383432e-6,5.066428471554151e-7
AB,Papio cynocephalus,13,106.849001,0.76,0.044705652102142106,0.2798270292121671,0.0125098498167351,0.999,2611.1975048200866,8.067441796763539e-8,3.8521159408840733e-08
AB,Papio cynocephalus,14,106.654974,1.26,0.03717417362248498,0.2798270292121671,0.010402338568197276,0.999,1579.8794430158512,2.6996440753688264e-4,1.2864615917613056e-4
AB,Papio cynocephalus,15,91.985775,0.77,0.02100357964894443,0.2798270292121671,0.005877369295985252,0.999,2577.5367456710924,5.133423101150424e-4,2.4357262568583816e-4
AB,Papio cynocephalus,16,91.184193,0.77,0.050906683113552835,0.2798270292121671,0.014245065902710683,0.999,2577.5367456710924,1.0640584669819967e-8,5.089197025249366e-9
AB,Papio cynocephalus,17,74.525926,0.69,0.06423953173866456,0.2798270292121671,0.017975957324411224,0.999,2873.935963030803,6.0505307995822105e-12,2.9042229039822223e-12
AB,Papio cynocephalus,18,72.894408,0.98,0.044362483787914325,0.2798270292121671,0.012413822046844993,0.999,2028.487322292998,3.4037243744378582e-6,1.6250924363886592e-6
AB,Papio cynocephalus,19,72.123344,0.63,0.017815452813016292,0.2798270292121671,0.004985245234735895,0.999,3145.2326112542996,3.9371709337580044e-4,1.8665437360620133e-4
CSM,Macaca mulatta,1,240.198992,1.714,0.10257992629552537,0.10860492403933501,0.011140685103286117,0.9,10.612755280339583,0.9425967783535336,0.6674960668027332
CSM,Macaca mulatta,2,203.700025,0.857,0.05834066722371272,0.10860492403933501,0.006336083732235442,0.9,18.652376611585154,0.9426205060000526,0.6630013324986626
CSM,Macaca mulatta,3,198.814188,2,0.060493920661839035,0.10860492403933501,0.006569937658320587,0.9,9.29355618569973,0.9699322625148037,0.6824358217800353
CSM,Macaca mulatta,4,183.173882,0.857,0.05237577595781433,0.10860492403933501,0.005688267169399654,0.9,18.652376611585154,0.9483327362005838,0.6664117868278057
CSM,Macaca mulatta,5,198.440196,1.429,0.04041394042963263,0.10860492403933501,0.004389152930490462,0.9,12.371936763471819,0.9732141181417228,0.682650016172309
CSM,Macaca mulatta,6,190.852379,1.143,0.04741593294052447,0.10860492403933501,0.005149603795259863,0.9,14.86141059462865,0.962457674627096,0.6758260149713007
CSM,Macaca mulatta,7,180.830462,1.714,0.06962938982781164,0.10860492403933501,0.0075620945931547294,0.9,10.612755280339583,0.9606671099460498,0.6768619397635126
CSM,Macaca mulatta,8,155.637635,1.429,0.03499184320067457,0.10860492403933501,0.003800286472805583,0.9,12.371936763471819,0.9767657190469088,0.684575713316932
CSM,Macaca mulatta,9,145.811819,1.714,0.041453373312399906,0.10860492403933501,0.004502040459767389,0.9,10.612755280339583,0.9763935690919342,0.6849886858641157
CSM,Macaca mulatta,10,117.198467,0.857,0.04861939513608,0.10860492403933501,0.005280305715592382,0.9,18.652376611585154,0.9519477545074656,0.6685687963922003
CSM,Macaca mulatta,11,140.629503,1.571,0.05489175357588959,0.10860492403933501,0.0059615147274953845,0.9,11.426792386980686,0.9665130331299119,0.6794483641009122
CSM,Macaca mulatta,12,147.927106,1.429,0.0406891860550307,0.10860492403933501,0.004419045960728978,0.9,12.371936763471819,0.9730341706140747,0.6825524177099811
CSM,Macaca mulatta,13,124.839465,1.143,0.03328028061457252,0.10860492403933501,0.003614402348153402,0.9,14.86141059462865,0.9734998982642261,0.6821091026356272
CSM,Macaca mulatta,14,135.239889,1,0.06154849514412555,0.10860492403933501,0.006684469639863136,0.9,16.536826930878902,0.9462296704638127,0.6658662020932342
CSM,Macaca mulatta,15,128.971188,1,0.04303265056986351,0.10860492403933501,0.004673557746351273,0.9,16.536826930878902,0.9620942041476053,0.6751194410735878
CSM,Macaca mulatta,16,93.020102,0.429,0.06025244164612953,0.10860492403933501,0.006543711848162363,0.9,30.585721229678786,0.9047722058599686,0.6365662860052909
CSM,Macaca mulatta,17,108.447274,1.143,0.019058357690988664,0.10860492403933501,0.0020698314893443,0.9,14.86141059462865,0.9847373650676504,0.6884927022851407
CSM,Macaca mulatta,18,84.534201,0.571,0.016757958244918377,0.10860492403933501,0.0018199967822437083,0.9,25.17549116506737,0.9773507771178704,0.6830896296241271
CSM,Macaca mulatta,19,70.782886,0.429,0.0707549247560826,0.10860492403933501,0.0076843332285432145,0.9,30.585721229678786,0.8891267862062333,0.6265643501164604
CSM,Macaca mulatta,20,85.570776,1.143,0.0434197867163843,0.10860492403933501,0.004715602638137044,0.9,14.86141059462865,0.9655665480391162,0.677596032682418
CSM,Macaca mulatta,1,240.198992,1.714,0.10257992629552537,0.10860492403933501,0.011140685103286117,0.99,114.29461285997118,0.5290564482035955,0.3746491674938368
CSM,Macaca mulatta,2,203.700025,0.857,0.05834066722371272,0.10860492403933501,0.006336083732235442,0.99,223.35855131357158,0.49282100607037227,0.346630464357806
CSM,Macaca mulatta,3,198.814188,2,0.060493920661839035,0.10860492403933501,0.006569937658320587,0.99,98.30971083321872,0.7240141549939785,0.509410001026904
CSM,Macaca mulatta,4,183.173882,0.857,0.05237577595781433,0.10860492403933501,0.005688267169399654,0.99,223.35855131357158,0.5297968979894663,0.3722985445588497
CSM,Macaca mulatta,5,198.440196,1.429,0.04041394042963263,0.10860492403933501,0.004389152930490462,0.99,136.4160712490505,0.741281006562124,0.5199631629718805
CSM,Macaca mulatta,6,190.852379,1.143,0.04741593294052447,0.10860492403933501,0.005149603795259863,0.99,169.34572846592368,0.6465972265324256,0.45403266909187995
CSM,Macaca mulatta,7,180.830462,1.714,0.06962938982781164,0.10860492403933501,0.0075620945931547294,0.99,114.29461285997118,0.6491098365198097,0.4573465027766475
CSM,Macaca mulatta,8,155.637635,1.429,0.03499184320067457,0.10860492403933501,0.003800286472805583,0.99,136.4160712490505,0.771660899258797,0.5408260141073876
CSM,Macaca mulatta,9,145.811819,1.714,0.041453373312399906,0.10860492403933501,0.004502040459767389,0.99,114.29461285997118,0.7731520985995952,0.5424046785614934
CSM,Macaca mulatta,10,117.198467,0.857,0.04861939513608,0.10860492403933501,0.005280305715592382,0.99,223.35855131357158,0.5544932099827837,0.38942983609183984
CSM,Macaca mulatta,11,140.629503,1.571,0.05489175357588959,0.10860492403933501,0.0059615147274953845,0.99,124.41529628035363,0.6901462063677049,0.48516542957363196
CSM,Macaca mulatta,12,147.927106,1.429,0.0406891860550307,0.10860492403933501,0.004419045960728978,0.99,136.4160712490505,0.7397711152711438,0.5189258286393674
CSM,Macaca mulatta,13,124.839465,1.143,0.03328028061457252,0.10860492403933501,0.003614402348153402,0.99,169.34572846592368,0.7363558396479163,0.5159476872039869
CSM,Macaca mulatta,14,135.239889,1,0.06154849514412555,0.10860492403933501,0.006684469639863136,0.99,192.6228544312046,0.5252973418981842,0.3696541726999163
CSM,Macaca mulatta,15,128.971188,1,0.04303265056986351,0.10860492403933501,0.004673557746351273,0.99,192.6228544312046,0.6375535428286278,0.44738320804073023
CSM,Macaca mulatta,16,93.020102,0.429,0.06025244164612953,0.10860492403933501,0.006543711848162363,0.99,429.08537223508483,0.2456357535197298,0.17282078109323107
CSM,Macaca mulatta,17,108.447274,1.143,0.019058357690988664,0.10860492403933501,0.0020698314893443,0.99,169.34572846592368,0.8392399982470609,0.5867662127548097
CSM,Macaca mulatta,18,84.534201,0.571,0.016757958244918377,0.10860492403933501,0.0018199967822437083,0.99,328.4384517525546,0.7416495420573267,0.518353412977073
CSM,Macaca mulatta,19,70.782886,0.429,0.0707549247560826,0.10860492403933501,0.0076843332285432145,0.99,429.08537223508483,0.19231560279989157,0.13552409235100898
CSM,Macaca mulatta,20,85.570776,1.143,0.0434197867163843,0.10860492403933501,0.004715602638137044,0.99,169.34572846592368,0.6708004474757421,0.4707409580978358
CSM,Macaca mulatta,1,240.198992,1.714,0.10257992629552537,0.10860492403933501,0.011140685103286117,0.999,1162.9497981259153,0.0015368371919081936,0.001088304993686414
CSM,Macaca mulatta,2,203.700025,0.857,0.05834066722371272,0.10860492403933501,0.006336083732235442,0.999,2317.63056548417,6.475266145728238e-4,4.554441639635899e-4
CSM,Macaca mulatta,3,198.814188,2,0.060493920661839035,0.10860492403933501,0.006569937658320587,0.999,997.193188015592,0.03778857240913912,0.026587707680804797
CSM,Macaca mulatta,4,183.173882,0.857,0.05237577595781433,0.10860492403933501,0.005688267169399654,0.999,2317.63056548417,0.001371773393756224,9.639717406766512e-4
CSM,Macaca mulatta,5,198.440196,1.429,0.04041394042963263,0.10860492403933501,0.004389152930490462,0.999,1393.8519841915795,0.04693860721778381,0.032924554195235815
CSM,Macaca mulatta,6,190.852379,1.143,0.04741593294052447,0.10860492403933501,0.005149603795259863,0.999,1740.7319441821046,0.011310317540726185,0.007941966730714232
CSM,Macaca mulatta,7,180.830462,1.714,0.06962938982781164,0.10860492403933501,0.0075620945931547294,0.999,1162.9497981259153,0.01231215626719033,0.008674836358403012
CSM,Macaca mulatta,8,155.637635,1.429,0.03499184320067457,0.10860492403933501,0.003800286472805583,0.999,1393.8519841915795,0.07075596604368267,0.049590004011449626
CSM,Macaca mulatta,9,145.811819,1.714,0.041453373312399906,0.10860492403933501,0.004502040459767389,0.999,1162.9497981259153,0.07296148922331573,0.05118611613577939
CSM,Macaca mulatta,10,117.198467,0.857,0.04861939513608,0.10860492403933501,0.005280305715592382,0.999,2317.63056548417,0.0022008778823532534,0.0015457132703385033
CSM,Macaca mulatta,11,140.629503,1.571,0.05489175357588959,0.10860492403933501,0.0059615147274953845,0.999,1268.3733602060438,0.022806419322528828,0.016032669781503934
CSM,Macaca mulatta,12,147.927106,1.429,0.0406891860550307,0.10860492403933501,0.004419045960728978,0.999,1393.8519841915795,0.04597084028715273,0.03224707736867389
CSM,Macaca mulatta,13,124.839465,1.143,0.03328028061457252,0.10860492403933501,0.003614402348153402,0.999,1740.7319441821046,0.043030211658761315,0.030150284671947948
CSM,Macaca mulatta,14,135.239889,1,0.06154849514412555,0.10860492403933501,0.006684469639863136,0.999,1988.158818921057,0.001300646757901122,9.152711482023006e-4
CSM,Macaca mulatta,15,128.971188,1,0.04303265056986351,0.10860492403933501,0.004673557746351273,0.999,1988.158818921057,0.009601004749559206,0.006737204041271644
CSM,Macaca mulatta,16,93.020102,0.429,0.06025244164612953,0.10860492403933501,0.006543711848162363,0.999,4600.6541869089315,2.902051773330038e-7,2.0417827903852343e-7
CSM,Macaca mulatta,17,108.447274,1.143,0.019058357690988664,0.10860492403933501,0.0020698314893443,0.999,1740.7319441821046,0.16504932732278413,0.1153965122172466
CSM,Macaca mulatta,18,84.534201,0.571,0.016757958244918377,0.10860492403933501,0.0018199967822437083,0.999,3467.114356661877,0.042635480942154476,0.02979877395862595
CSM,Macaca mulatta,19,70.782886,0.429,0.0707549247560826,0.10860492403933501,0.0076843332285432145,0.999,4600.6541869089315,2.1047586883550958e-8,1.4832156450354602e-8
CSM,Macaca mulatta,20,85.570776,1.143,0.0434197867163843,0.10860492403933501,0.004715602638137044,0.999,1740.7319441821046,0.01650156466916521,0.011580138909727153
BHS,Ovis canadensis,1,281.153287,3.028,0.09619716313306427,0.3161523528775038,0.030412959464659335,0.9,6.439141833144396,0.9067244490878565,0.4114398951350956
BHS,Ovis canadensis,2,255.61532,2.743,0.0829714252396514,0.3161523528775038,0.026231611311115694,0.9,7.036208524194192,0.9118447409786355,0.4121991329321188
BHS,Ovis canadensis,3,232.287161,2.727,0.10231784019451055,0.3161523528775038,0.032348025918838945,0.9,7.073071717583544,0.8919011654347859,0.40542558710931625
BHS,Ovis canadensis,4,135.672349,1.427,0.035428537107252286,0.3161523528775038,0.011200815365465763,0.9,12.386390508733015,0.9329824985474258,0.4160999290722509
BHS,Ovis canadensis,5,123.219114,1.328,0.05861662746566826,0.3161523528775038,0.018531784691015133,0.9,13.147679102768542,0.8853033014718743,0.39743438035202894
BHS,Ovis canadensis,6,134.193483,1.389,0.029607147133718047,0.3161523528775038,0.009360369228315403,0.9,12.66771547577836,0.9424360182913686,0.4196272191043581
BHS,Ovis canadensis,7,113.569052,1.253,0.04454387052580073,0.3161523528775038,0.014082649473002794,0.9,13.791337795667271,0.9074568265992934,0.4057587763992564
BHS,Ovis canadensis,8,103.312485,1.279,0.024836057265371875,0.3161523528775038,0.007851977940647742,0.9,13.561026600520208,0.9481520105881588,0.4216059898005302
BHS,Ovis canadensis,9,105.199356,1.155,0.02392438049987588,0.3161523528775038,0.00756374918617243,0.9,14.73647644784704,0.9457930416829092,0.42044927596847304
BHS,Ovis canadensis,10,100.482889,0.642,0.019738956679650213,0.3161523528775038,0.0062405175976185355,0.9,23.149828090814758,0.9303136842706623,0.4130819957044194
BHS,Ovis canadensis,11,71.225399,1.082,0.057564454072105975,0.3161523528775038,0.01819913759700531,0.9,15.53161753109034,0.8682018699662989,0.38964075523010516
BHS,Ovis canadensis,12,91.826741,1.029,0.034131050747060084,0.3161523528775038,0.01079061199986453,0.9,16.166406078036175,0.9164729673075382,0.40858736078783026
BHS,Ovis canadensis,13,98.645217,1.206,0.0337588517632078,0.3161523528775038,0.010672940415381015,0.9,14.22864493438593,0.9268804002691974,0.4131839115614477
BHS,Ovis canadensis,14,80.148007,0.825,0.05896409318895471,0.3161523528775038,0.01864163679697643,0.9,19.20455835123065,0.8361040592846628,0.37538465743815186
BHS,Ovis canadensis,15,91.302204,1.128,0.03962537627850834,0.3161523528775038,0.012527655944106836,0.9,15.020663740113697,0.9102037042534499,0.4064218428155667
BHS,Ovis canadensis,16,85.120388,0.676,0.016216325702327276,0.3161523528775038,0.005126829525818708,0.9,22.29450243208825,0.9444523373638065,0.41894556186789955
BHS,Ovis canadensis,17,83.296283,0.973,0.030019563277354305,0.3161523528775038,0.009490755562490674,0.9,16.897726762551038,0.922944573065307,0.4109962175421224
BHS,Ovis canadensis,18,83.831668,0.969,0.027382587919204254,0.3161523528775038,0.008657069598531537,0.9,16.95257437534895,0.9292478271223384,0.413496098430333
BHS,Ovis canadensis,19,75.183094,0.755,0.029202429034494586,0.3161523528775038,0.009232416648993795,0.9,20.53848622619546,0.9095457944178652,0.40493644231124265
BHS,Ovis canadensis,20,66.766794,0.715,0.02946498210819347,0.3161523528775038,0.009315423420998918,0.9,21.390409601183713,0.9051719427931219,0.40301895887724876
BHS,Ovis canadensis,21,67.42745,0.163,0.029099105472604168,0.3161523528775038,0.009199750661794456,0.9,52.413925488470085,0.7857649926102038,0.34981814880559786
BHS,Ovis canadensis,22,67.206388,0.519,0.019217977620701897,0.3161523528775038,0.0060758088423321175,0.9,26.909910207409563,0.9215025494991357,0.40910979643003526
BHS,Ovis canadensis,23,75.63908,0.719,0.015818925135815603,0.3161523528775038,0.005001190401681189,0.9,21.30194429026149,0.948126317153742,0.4205284132625872
BHS,Ovis canadensis,24,57.398297,0.44,0.035423092862914715,0.3161523528775038,0.0111990941548088,0.9,30.081040955810177,0.8449817876202298,0.37685200166563854
BHS,Ovis canadensis,25,63.407539,0.833,0.015415524192480263,0.3161523528775038,0.004873654244292717,0.9,19.063378639361478,0.9546083206183419,0.4233555210933755
BHS,Ovis canadensis,26,61.156592,0.513,0.010513655379509053,0.3161523528775038,0.0033239168855750123,0.9,27.12618537006104,0.9559185265883439,0.42335464695799013
BHS,Ovis canadensis,1,281.153287,3.028,0.09619716313306427,0.3161523528775038,0.030412959464659335,0.99,65.44736385674558,0.3696406313235881,0.16773001184918024
BHS,Ovis canadensis,2,255.61532,2.743,0.0829714252396514,0.3161523528775038,0.026231611311115694,0.99,72.12845032756081,0.38828225723555787,0.17552287420515245
BHS,Ovis canadensis,3,232.287161,2.727,0.10231784019451055,0.3161523528775038,0.032348025918838945,0.99,72.54426966897941,0.3093345326538899,0.1406121433345735
BHS,Ovis canadensis,4,135.672349,1.427,0.035428537107252286,0.3161523528775038,0.011200815365465763,0.99,136.6017024097311,0.4653221937022048,0.20752857861394214
BHS,Ovis canadensis,5,123.219114,1.328,0.05861662746566826,0.3161523528775038,0.018531784691015133,0.99,146.4697226884187,0.25738746531462686,0.11554755033402293
BHS,Ovis canadensis,6,134.193483,1.389,0.029607147133718047,0.3161523528775038,0.009360369228315403,0.99,140.22753321506724,0.5187720286691533,0.23098741932023723
BHS,Ovis canadensis,7,113.569052,1.253,0.04454387052580073,0.3161523528775038,0.014082649473002794,0.99,154.95315624262952,0.3358550899188941,0.15017370120366982
BHS,Ovis canadensis,8,103.312485,1.279,0.024836057265371875,0.3161523528775038,0.007851977940647742,0.99,151.9027810134686,0.5508081900753165,0.24492278619215171
BHS,Ovis canadensis,9,105.199356,1.155,0.02392438049987588,0.3161523528775038,0.00756374918617243,0.99,167.64653865751563,0.5304560423421736,0.23581253943147804
BHS,Ovis canadensis,10,100.482889,0.642,0.019738956679650213,0.3161523528775038,0.0062405175976185355,0.99,294.03976268023666,0.39952451290267993,0.17739864081657425
BHS,Ovis canadensis,11,71.225399,1.082,0.057564454072105975,0.3161523528775038,0.01819913759700531,0.99,178.5469806176822,0.19697065240689002,0.08839855846540194
BHS,Ovis canadensis,12,91.826741,1.029,0.034131050747060084,0.3161523528775038,0.01079061199986453,0.99,187.39704986234267,0.3638315011345295,0.16220549664084907
BHS,Ovis canadensis,13,98.645217,1.206,0.0337588517632078,0.3161523528775038,0.010672940415381015,0.99,160.79104214973484,0.423985252542032,0.18900376471312338
BHS,Ovis canadensis,14,80.148007,0.825,0.05896409318895471,0.3161523528775038,0.01864163679697643,0.99,231.63643818847467,0.11543575069592031,0.05182705340311081
BHS,Ovis canadensis,15,91.302204,1.128,0.03962537627850834,0.3161523528775038,0.012527655944106836,0.99,171.5189548065095,0.3415144707260082,0.15249217278728855
BHS,Ovis canadensis,16,85.120388,0.676,0.016216325702327276,0.3161523528775038,0.005126829525818708,0.99,280.0094029323835,0.48783393058219515,0.2163961610984476
BHS,Ovis canadensis,17,83.296283,0.973,0.030019563277354305,0.3161523528775038,0.009490755562490674,0.99,197.75838353754173,0.3912383792000292,0.17422226502126542
BHS,Ovis canadensis,18,83.831668,0.969,0.027382587919204254,0.3161523528775038,0.008657069598531537,0.99,198.54268234488916,0.42341651741527486,0.18841160867102605
BHS,Ovis canadensis,19,75.183094,0.755,0.029202429034494586,0.3161523528775038,0.009232416648993795,0.99,252.0850511401696,0.31233557397614853,0.13905408271838554
BHS,Ovis canadensis,20,66.766794,0.715,0.02946498210819347,0.3161523528775038,0.009315423420998918,0.99,265.4869138136372,0.2903809761060126,0.1292892909460756
BHS,Ovis canadensis,21,67.42745,0.163,0.029099105472604168,0.3161523528775038,0.009199750661794456,0.99,1021.1688748456644,0.009120327950273123,0.004060318632249367
BHS,Ovis canadensis,22,67.206388,0.519,0.019217977620701897,0.3161523528775038,0.0060758088423321175,0.99,359.260056339267,0.3357468876379005,0.14905801500844165
BHS,Ovis canadensis,23,75.63908,0.719,0.015818925135815603,0.3161523528775038,0.005001190401681189,0.99,264.08259481664237,0.5166634057419697,0.22915896149762022
BHS,Ovis canadensis,24,57.398297,0.44,0.035423092862914715,0.3161523528775038,0.0111990941548088,0.99,419.11690791778005,0.09566862738167922,0.0426670896977884
BHS,Ovis canadensis,25,63.407539,0.833,0.015415524192480263,0.3161523528775038,0.004873654244292717,0.99,229.5097011575442,0.5716230750146158,0.25350688818117195
BHS,Ovis canadensis,26,61.156592,0.513,0.010513655379509053,0.3161523528775038,0.0033239168855750123,0.99,363.19551126886864,0.5468308009066034,0.2421789663286488
BHS,Ovis canadensis,1,281.153287,3.028,0.09619716313306427,0.3161523528775038,0.030412959464659335,0.999,659.4113220111886,4.417617667540137e-5,2.00456064872642e-5
BHS,Ovis canadensis,2,255.61532,2.743,0.0829714252396514,0.3161523528775038,0.026231611311115694,0.999,727.750103107651,7.155609158194765e-5,3.234690905212029e-5
BHS,Ovis canadensis,3,232.287161,2.727,0.10231784019451055,0.3161523528775038,0.032348025918838945,0.999,732.0091299136299,7.213724588058086e-6,3.2790948590505045e-6
BHS,Ovis canadensis,4,135.672349,1.427,0.035428537107252286,0.3161523528775038,0.011200815365465763,0.999,1395.7968974620642,4.0281560035884066e-4,1.7965132572097186e-4
BHS,Ovis canadensis,5,123.219114,1.328,0.05861662746566826,0.3161523528775038,0.018531784691015133,0.999,1499.360101986386,9.255207432582725e-7,4.154889770412617e-7
BHS,Ovis canadensis,6,134.193483,1.389,0.029607147133718047,0.3161523528775038,0.009360369228315403,0.999,1433.8099645303228,0.0012180606263304608,5.423512932519731e-4
BHS,Ovis canadensis,7,113.569052,1.253,0.04454387052580073,0.3161523528775038,0.014082649473002794,0.999,1588.6620683311492,1.3863022426559798e-5,6.198689405507342e-6
BHS,Ovis canadensis,8,103.312485,1.279,0.024836057265371875,0.3161523528775038,0.007851977940647742,0.999,1556.5233246029327,0.002218567848762667,9.865100567966868e-4
BHS,Ovis canadensis,9,105.199356,1.155,0.02392438049987588,0.3161523528775038,0.00756374918617243,0.999,1722.7417928676043,0.001480769465939234,6.582713367425104e-4
BHS,Ovis canadensis,10,100.482889,0.642,0.019738956679650213,0.3161523528775038,0.0062405175976185355,0.999,3086.9486279688713,6.559057029221807e-5,2.9123815046256725e-5
BHS,Ovis canadensis,11,71.225399,1.082,0.057564454072105975,0.3161523528775038,0.01819913759700531,0.999,1838.319874613205,5.4344731059956875e-8,2.438939926932028e-8
BHS,Ovis canadensis,12,91.826741,1.029,0.034131050747060084,0.3161523528775038,0.01079061199986453,0.999,1932.4522227822022,2.9646363957678012e-5,1.3217116094552895e-5
BHS,Ovis canadensis,13,98.645217,1.206,0.0337588517632078,0.3161523528775038,0.010672940415381015,0.999,1650.2590730110048,1.497477452124369e-4,6.675441523675721e-5
BHS,Ovis canadensis,14,80.148007,0.825,0.05896409318895471,0.3161523528775038,0.01864163679697643,0.999,2406.895952914219,1.8068967097015767e-10,8.112402934363941e-11
BHS,Ovis canadensis,15,91.302204,1.128,0.03962537627850834,0.3161523528775038,0.012527655944106836,0.999,1763.7552246654693,1.5921195086549375e-5,7.109091532657337e-6
BHS,Ovis canadensis,16,85.120388,0.676,0.016216325702327276,0.3161523528775038,0.005126829525818708,0.999,2932.963444491162,5.429996988241687e-4,2.4086690764402508e-4
BHS,Ovis canadensis,17,83.296283,0.973,0.030019563277354305,0.3161523528775038,0.009490755562490674,0.999,2042.9917762115438,6.160498396954552e-5,2.7433300040039034e-5
BHS,Ovis canadensis,18,83.831668,0.969,0.027382587919204254,0.3161523528775038,0.008657069598531537,0.999,2051.3735929760883,1.3922183197070885e-4,6.195084094464344e-5
BHS,Ovis canadensis,19,75.183094,0.755,0.029202429034494586,0.3161523528775038,0.009232416648993795,0.999,2628.3599475944625,5.378736461347299e-6,2.3946528257895452e-6
BHS,Ovis canadensis,20,66.766794,0.715,0.02946498210819347,0.3161523528775038,0.009315423420998918,0.999,2774.237838699386,2.4446708420690065e-6,1.0884657941650296e-6
BHS,Ovis canadensis,21,67.42745,0.163,0.029099105472604168,0.3161523528775038,0.009199750661794456,0.999,11897.630928595507,1.706463716656658e-24,7.5970803481809435e-25
BHS,Ovis canadensis,22,67.206388,0.519,0.019217977620701897,0.3161523528775038,0.0060758088423321175,0.999,3810.901836860357,9.377892139262066e-6,4.163404155660375e-6
BHS,Ovis canadensis,23,75.63908,0.719,0.015818925135815603,0.3161523528775038,0.005001190401681189,0.999,2758.924914461471,0.0010088397199936375,4.4745700969336586e-4
BHS,Ovis canadensis,24,57.398297,0.44,0.035423092862914715,0.3161523528775038,0.0111990941548088,0.999,4486.985531132989,1.2255004678186764e-11,5.46558885772354e-12
BHS,Ovis canadensis,25,63.407539,0.833,0.015415524192480263,0.3161523528775038,0.004873654244292717,0.999,2383.9407428586596,0.0029996746092267254,0.001330313993572944
BHS,Ovis canadensis,26,61.156592,0.513,0.010513655379509053,0.3161523528775038,0.0033239168855750123,0.999,3855.01170428755,0.0016501827345571133,7.308285272992177e-4
SSH,Ovis aries,1,278.617202,3.122,0.09667960991555682,0.2125993983262411,0.020554026898463074,0.9,6.2640672831495525,0.937652466229389,0.5182434573099588
SSH,Ovis aries,2,250.202058,2.81736,0.08250769139713104,0.2125993983262411,0.01754108554831724,0.9,6.869870434842853,0.9415267751185138,0.5186573989291332
SSH,Ovis aries,3,226.0891,2.62484,0.10217274143816321,0.2125993983262411,0.021721863355096103,0.9,7.317992951019486,0.9235962871760973,0.5111344037336307
SSH,Ovis aries,4,121.578099,1.48877,0.035601778553778315,0.2125993983262411,0.007568916699877345,0.9,11.95532433470623,0.9557638387876091,0.5207785075813867
SSH,Ovis aries,5,108.220788,1.39738,0.058428183464435186,0.2125993983262411,0.01242179664983415,0.9,12.60455990138671,0.9247002574556613,0.50653130910013
SSH,Ovis aries,6,118.469697,1.41183,0.029474554934729832,0.2125993983262411,0.006266272645057303,0.9,12.497154954315814,0.9616013703632491,0.5232165285486617
SSH,Ovis aries,7,101.274418,1.34691,0.04569241923606187,0.2125993983262411,0.009714180837657118,0.9,12.994962056099828,0.9388329611984203,0.5127519048273761
SSH,Ovis aries,8,91.792871,1.12929,0.023803380231032154,0.2125993983262411,0.005060584315248178,0.9,15.006830661146996,0.96274021885091,0.5231497865986149
SSH,Ovis aries,9,95.179658,1.15373,0.024084999755286662,0.2125993983262411,0.0051204564566616085,0.9,14.749596773937297,0.9629417722001488,0.5232933599954138
SSH,Ovis aries,10,86.459471,1.06752,0.020129891563536118,0.2125993983262411,0.004279602834780256,0.9,15.69991724791986,0.9669633304586137,0.5249990102009028
SSH,Ovis aries,11,62.547497,1.00823,0.05708926004377523,0.2125993983262411,0.012137142336196931,0.9,16.429944595327566,0.9051032186176697,0.49564189577943946
SSH,Ovis aries,12,80.403655,1.12057,0.03447527200172096,0.2125993983262411,0.0073294220846993816,0.9,15.100849420438678,0.946163161522599,0.5154127524780634
SSH,Ovis aries,13,83.511835,1.13009,0.03405260084750489,0.2125993983262411,0.007239562451623187,0.9,14.998265112737464,0.9471569757219951,0.5159036155600931
SSH,Ovis aries,14,66.516657,0.98447,0.05876090823932737,0.2125993983262411,0.012492533736784463,0.9,16.742453013644962,0.9007046932335999,0.4934252835935638
SSH,Ovis aries,15,82.538637,1.02363,0.03905087078111359,0.2125993983262411,0.00830219163218054,0.9,16.233707950033835,0.9348327177933113,0.5097808807856872
SSH,Ovis aries,16,71.897364,0.90306,0.016254514391989792,0.2125993983262411,0.0034556999798222568,0.9,17.912566909065877,0.9695238264788315,0.5259186805839132
SSH,Ovis aries,17,73.167223,0.98286,0.03031799075552682,0.2125993983262411,0.006445586593085542,0.9,16.764071185200937,0.9474063971070884,0.5155935166995712
SSH,Ovis aries,18,67.98446,0.98465,0.026367719920462475,0.2125993983262411,0.0056057613903251645,0.9,16.740039632941183,0.9541634090177704,0.518796561321149
SSH,Ovis aries,19,60.56155,0.87643,0.028972095850230885,0.2125993983262411,0.006159450146009274,0.9,18.33275698813057,0.9451044283969062,0.5141806126089781
SSH,Ovis aries,20,51.451717,0.75485,0.02979882856294084,0.2125993983262411,0.00633521302330803,0.9,20.541550174576606,0.9370041683955009,0.5098712067218281
SSH,Ovis aries,21,47.514194,0.72025,0.028993721680122105,0.2125993983262411,0.006164047784432452,0.9,21.27445367156088,0.9365350094484006,0.5095210004855124
SSH,Ovis aries,22,51.512491,0.736,0.0192778623208613,0.2125993983262411,0.004098461930431226,0.9,20.934245628763676,0.9580080440104695,0.5200345759832753
SSH,Ovis aries,23,62.440644,0.86844,0.016254059111360505,0.2125993983262411,0.0034556031874344007,0.9,18.4628165003585,0.9686033564364858,0.5254193159784992
SSH,Ovis aries,24,42.630236,0.71946,0.035242988962859344,0.2125993983262411,0.007492638248722253,0.9,21.291819212588422,0.923332427507124,0.5030653979227676
SSH,Ovis aries,25,44.863754,0.69641,0.015473907298034667,0.2125993983262411,0.0032897433813182013,0.9,21.81172116740865,0.9647584858737304,0.5232395117775044
SSH,Ovis aries,26,45.052359,0.65241,0.011042148742457993,0.2125993983262411,0.002347554178875429,0.9,22.880814900349346,0.9735004651892157,0.5274417047864881
SSH,Ovis aries,1,278.617202,3.122,0.09667960991555682,0.2125993983262411,0.020554026898463074,0.99,63.507523165853655,0.5206549869675332,0.28776764337514704
SSH,Ovis aries,2,250.202058,2.81736,0.08250769139713104,0.2125993983262411,0.01754108554831724,0.99,70.25695895988295,0.5399970168775226,0.2974673218060454
SSH,Ovis aries,3,226.0891,2.62484,0.10217274143816321,0.2125993983262411,0.021721863355096103,0.99,75.31683516449054,0.44130854445209883,0.2442278979062982
SSH,Ovis aries,4,121.578099,1.48877,0.035601778553778315,0.2125993983262411,0.007568916699877345,0.99,131.09284619401558,0.6088913609706955,0.3317739397294607
SSH,Ovis aries,5,108.220788,1.39738,0.058428183464435186,0.2125993983262411,0.01242179664983415,0.99,139.41144561445057,0.42068526496482805,0.2304425204423466
SSH,Ovis aries,6,118.469697,1.41183,0.029474554934729832,0.2125993983262411,0.006266272645057303,0.99,138.0263847423551,0.6489137424533084,0.35308019114582195
SSH,Ovis aries,7,101.274418,1.34691,0.04569241923606187,0.2125993983262411,0.009714180837657118,0.99,144.47583424625088,0.49572586812803227,0.2707450565331524
SSH,Ovis aries,8,91.792871,1.12929,0.023803380231032154,0.2125993983262411,0.005060584315248178,0.99,171.3298596023624,0.648226828357901,0.352244271385788
SSH,Ovis aries,9,95.179658,1.15373,0.024084999755286662,0.2125993983262411,0.0051204564566616085,0.99,167.82474871361694,0.6507240200005631,0.3536242467473309
SSH,Ovis aries,10,86.459471,1.06752,0.020129891563536118,0.2125993983262411,0.004279602834780256,0.99,180.8804929287465,0.6790582717518936,0.36868504658743967
SSH,Ovis aries,11,62.547497,1.00823,0.05708926004377523,0.2125993983262411,0.012137142336196931,0.99,191.11030177623076,0.31355939871032756,0.17170768109034526
SSH,Ovis aries,12,80.403655,1.12057,0.03447527200172096,0.2125993983262411,0.0073294220846993816,0.99,172.6162920494568,0.5312147937312134,0.2893738523422018
SSH,Ovis aries,13,83.511835,1.13009,0.03405260084750489,0.2125993983262411,0.007239562451623187,0.99,171.2128013341751,0.538077388759045,0.29308348819404545
SSH,Ovis aries,14,66.516657,0.98447,0.05876090823932737,0.2125993983262411,0.012492533736784463,0.99,195.54351843381022,0.2948121218783592,0.16150438199939773
SSH,Ovis aries,15,82.538637,1.02363,0.03905087078111359,0.2125993983262411,0.00830219163218054,0.99,188.3431409493115,0.4575677012300257,0.24951979248515943
SSH,Ovis aries,16,71.897364,0.90306,0.016254514391989792,0.2125993983262411,0.0034556999798222568,0.99,212.4355748427783,0.6927702905222012,0.3757935877268771
SSH,Ovis aries,17,73.167223,0.98286,0.03031799075552682,0.2125993983262411,0.006445586593085542,0.99,195.85140043796721,0.5319591488578611,0.28950056611147534
SSH,Ovis aries,18,67.98446,0.98465,0.026367719920462475,0.2125993983262411,0.0056057613903251645,0.99,195.50915723917893,0.5781113148807756,0.31432997680107916
SSH,Ovis aries,19,60.56155,0.87643,0.028972095850230885,0.2125993983262411,0.006159450146009274,0.99,218.61611382199996,0.5100341844889064,0.27748223535134253
SSH,Ovis aries,20,51.451717,0.75485,0.02979882856294084,0.2125993983262411,0.00633521302330803,0.99,252.1327674230768,0.4499326401891854,0.24483103270461348
SSH,Ovis aries,21,47.514194,0.72025,0.028993721680122105,0.2125993983262411,0.006164047784432452,0.99,263.64680308588703,0.4437181363331225,0.24140443921170454
SSH,Ovis aries,22,51.512491,0.736,0.0192778623208613,0.2125993983262411,0.004098461930431226,0.99,258.2771745531806,0.5890350533917912,0.319745325882189
SSH,Ovis aries,23,62.440644,0.86844,0.016254059111360505,0.2125993983262411,0.0034556031874344007,0.99,220.5415915835902,0.6831422878119229,0.3705708339672309
SSH,Ovis aries,24,42.630236,0.71946,0.035242988962859344,0.2125993983262411,0.007492638248722253,0.99,263.9220551315119,0.37204657070408254,0.20270462789048566
SSH,Ovis aries,25,44.863754,0.69641,0.015473907298034667,0.2125993983262411,0.0032897433813182013,0.99,272.2155881861417,0.6390582218407151,0.3465950462104568
SSH,Ovis aries,26,45.052359,0.65241,0.011042148742457993,0.2125993983262411,0.002347554178875429,0.99,289.59604753345707,0.7118264083549746,0.38566692853281415
SSH,Ovis aries,1,278.617202,3.122,0.09667960991555682,0.2125993983262411,0.020554026898463074,0.999,639.6020432130766,0.0013973205063958524,7.723034240145975e-4
SSH,Ovis aries,2,250.202058,2.81736,0.08250769139713104,0.2125993983262411,0.01754108554831724,0.999,708.5896582677866,0.0019997843941385665,0.001101618137362503
SSH,Ovis aries,3,226.0891,2.62484,0.10217274143816321,0.2125993983262411,0.021721863355096103,0.999,760.4241739820084,2.589397886427109e-4,1.433018260342674e-4
SSH,Ovis aries,4,121.578099,1.48877,0.035601778553778315,0.2125993983262411,0.007568916699877345,0.999,1338.1303812307922,0.006319604230405422,0.0034434385630140044
SSH,Ovis aries,5,108.220788,1.39738,0.058428183464435186,0.2125993983262411,0.01242179664983415,0.999,1425.2501313303173,1.4308328949081672e-4,7.837800990296734e-5
SSH,Ovis aries,6,118.469697,1.41183,0.029474554934729832,0.2125993983262411,0.006266272645057303,0.999,1410.7277335350143,0.01203420456826915,0.006547926128345369
SSH,Ovis aries,7,101.274418,1.34691,0.04569241923606187,0.2125993983262411,0.009714180837657118,0.999,1478.4072792329457,7.610908452414848e-4,4.156764800269623e-4
SSH,Ovis aries,8,91.792871,1.12929,0.023803380231032154,0.2125993983262411,0.005060584315248178,0.999,1761.7513038847783,0.011588459950421707,0.00629713003712017
SSH,Ovis aries,9,95.179658,1.15373,0.024084999755286662,0.2125993983262411,0.0051204564566616085,0.999,1724.628129472564,0.012089214101873027,0.006569665632656929
SSH,Ovis aries,10,86.459471,1.06752,0.020129891563536118,0.2125993983262411,0.004279602834780256,0.999,1863.114371910574,0.018560961021774097,0.010077410236629449
SSH,Ovis aries,11,62.547497,1.00823,0.05708926004377523,0.2125993983262411,0.012137142336196931,0.999,1972.0257710688331,6.347949332019222e-6,3.4761887666680434e-6
SSH,Ovis aries,12,80.403655,1.12057,0.03447527200172096,0.2125993983262411,0.0073294220846993816,0.999,1775.3865549744366,0.0014940291031308314,8.13857148155944e-4
SSH,Ovis aries,13,83.511835,1.13009,0.03405260084750489,0.2125993983262411,0.007239562451623187,0.999,1760.510849262662,0.0017076038985950317,9.301087864112003e-4
SSH,Ovis aries,14,66.516657,0.98447,0.05876090823932737,0.2125993983262411,0.012492533736784463,0.999,2019.3325058256685,3.327498533473938e-6,1.822874822204043e-6
SSH,Ovis aries,15,82.538637,1.02363,0.03905087078111359,0.2125993983262411,0.00830219163218054,0.999,1942.5307033505178,3.147817314633571e-4,1.716560677288075e-4
SSH,Ovis aries,16,71.897364,0.90306,0.016254514391989792,0.2125993983262411,0.0034556999798222568,0.999,2200.184754937026,0.02233524831202699,0.012115766525756222
SSH,Ovis aries,17,73.167223,0.98286,0.03031799075552682,0.2125993983262411,0.006445586593085542,0.999,2022.6203366446132,0.0014759000640351717,8.032081128400933e-4
SSH,Ovis aries,18,67.98446,0.98465,0.026367719920462475,0.2125993983262411,0.0056057613903251645,0.999,2018.9655867754332,0.0034862812078368796,0.0018955565528195918
SSH,Ovis aries,19,60.56155,0.87643,0.028972095850230885,0.2125993983262411,0.006159450146009274,0.999,2266.590949184975,9.298595762935439e-4,5.058867064985855e-4
SSH,Ovis aries,20,51.451717,0.75485,0.02979882856294084,0.2125993983262411,0.00633521302330803,0.999,2628.878309326255,2.418356847725607e-4,1.3159498813599644e-4
SSH,Ovis aries,21,47.514194,0.72025,0.028993721680122105,0.2125993983262411,0.006164047784432452,0.999,2754.174255755817,2.058359924215953e-4,1.1198488015557516e-4
SSH,Ovis aries,22,51.512491,0.736,0.0192778623208613,0.2125993983262411,0.004098461930431226,0.999,2695.6888180011115,0.0039895014792374,0.0021656172128312508
SSH,Ovis aries,23,62.440644,0.86844,0.016254059111360505,0.2125993983262411,0.0034556031874344007,0.999,2287.304669068624,0.019216064587216496,0.010423762672430932
SSH,Ovis aries,24,42.630236,0.71946,0.035242988962859344,0.2125993983262411,0.007492638248722253,0.999,2757.174766213953,3.2663361362124315e-5,1.7796198196456653e-5
SSH,Ovis aries,25,44.863754,0.69641,0.015473907298034667,0.2125993983262411,0.0032897433813182013,0.999,2847.6960397431385,0.009241097721325966,0.005011935661406209
SSH,Ovis aries,26,45.052359,0.65241,0.011042148742457993,0.2125993983262411,0.002347554178875429,0.999,3038.110543692112,0.028266877918034065,0.015314969854874788
RD,Cervus elaphus,1,99.365844,0.887,0.0449358552300514,0.3678591963986595,0.01653006759441321,0.9,18.16356970686262,0.8606025310907157,0.35294076940389346
RD,Cervus elaphus,2,50.834548,0.554,0.029101521631758335,0.3678591963986595,0.010705262361436827,0.9,25.71642307703039,0.8714031695316746,0.35567095073569266
RD,Cervus elaphus,3,55.858895,0.638,0.02419855970106573,0.3678591963986595,0.008901662725639026,0.9,23.254945733946993,0.9016725586775577,0.3674846195751158
RD,Cervus elaphus,4,68.74166,0.813,0.058484515358719555,0.3678591963986595,0.021514066821623636,0.9,19.420415047998276,0.8114714669479082,0.33415770706295084
RD,Cervus elaphus,5,134.755514,1.268,0.08556245033381923,0.3678591963986595,0.03147493422169896,0.9,13.657499170743138,0.8065943155281838,0.334896697916144
RD,Cervus elaphus,6,51.846305,0.596,0.016937201956448596,0.3678591963986595,0.006230505500940984,0.9,24.4215370784965,0.9267427495040896,0.3768816102539979
RD,Cervus elaphus,7,52.316097,0.64,0.029803577250941734,0.3678591963986595,0.010963519977336796,0.9,23.202263635375243,0.8805670179362445,0.35948704409264787
RD,Cervus elaphus,8,55.694185,0.621,0.026136344455097476,0.3678591963986595,0.009614494668050717,0.9,23.712954346994167,0.8922632768193007,0.3638612022116046
RD,Cervus elaphus,9,109.724705,1.094,0.057606532796056285,0.3678591963986595,0.02119109286167029,0.9,15.394919772997213,0.8494912931932315,0.34972095449737584
RD,Cervus elaphus,10,55.766398,0.553,0.03452565577394624,0.3678591963986595,0.012700579988140602,0.9,25.74899575344461,0.8491549588304648,0.3471555973825192
RD,Cervus elaphus,11,103.264037,1.013,0.045401928081098546,0.3678591963986595,0.016701516778862644,0.9,16.368643590031354,0.872240066116619,0.3577637370228716
RD,Cervus elaphus,12,100.048917,1.042,0.04549439367449429,0.3678591963986595,0.016735531097743728,0.9,16.005824195100427,0.8746486778492727,0.35876167964732
RD,Cervus elaphus,13,72.175023,0.763,0.025876488051024927,0.3678591963986595,0.009518904100069545,0.9,20.376430952595754,0.9075735710789119,0.3700758234873939
RD,Cervus elaphus,14,81.685338,0.85,0.03397468970537703,0.3678591963986595,0.012497902052913804,0.9,18.770355603592513,0.8893227749627217,0.3635169545032368
RD,Cervus elaphus,15,94.138249,0.964,0.03423336206522206,0.3678591963986595,0.012593057059336941,0.9,17.0216503921732,0.8983663719375845,0.3672421565021169
RD,Cervus elaphus,16,47.758366,0.548,0.016496517216512484,0.3678591963986595,0.006068395566642934,0.9,25.913153483682343,0.924385919390246,0.3758735906445238
RD,Cervus elaphus,17,65.067212,0.67,0.012602058072633184,0.3678591963986595,0.004635782955568083,0.9,22.440661777774626,0.9493146092734851,0.38556088831257
RD,Cervus elaphus,18,125.768775,1.08,0.03467099031889643,0.3678591963986595,0.012754042637054944,0.9,15.554642848222127,0.9055685603669117,0.3702350605102434
RD,Cervus elaphus,19,115.140355,0.993,0.030480272294926364,0.3678591963986595,0.011212448472423937,0.9,16.628865439401324,0.9109883695878569,0.3719820119330294
RD,Cervus elaphus,20,140.935159,1.129,0.0566401874909252,0.3678591963986595,0.02083561385428115,0.9,15.009938148212992,0.8552421467097889,0.3519854596399249
RD,Cervus elaphus,21,83.473711,0.855,0.023528941386533966,0.3678591963986595,0.008655337470561545,0.9,18.685928821213764,0.9223168033442056,0.3758229046748538
RD,Cervus elaphus,22,85.849967,0.652,0.03225240100075418,0.3678591963986595,0.011864342314064755,0.9,22.891287587111705,0.8730215521662583,0.35666898018662224
RD,Cervus elaphus,23,82.663824,0.951,0.03481269012342725,0.3678591963986595,0.012806168213279498,0.9,17.203984671112924,0.8956921023635426,0.3662127519692604
RD,Cervus elaphus,24,71.624245,0.697,0.02913139809656905,0.3678591963986595,0.01071625269377333,0.9,21.798086317099312,0.8897658857244983,0.3631691148103991
RD,Cervus elaphus,25,71.803109,0.76,0.0161595602580897,0.3678591963986595,0.005944442850696592,0.9,20.43689154627785,0.9410650935506579,0.3826171035707433
RD,Cervus elaphus,26,50.001067,0.517,0.012600818956581127,0.3678591963986595,0.004635327135332928,0.9,26.98160226263482,0.9393808635158148,0.3815261901156462
RD,Cervus elaphus,27,64.514562,0.622,0.015758444624082615,0.3678591963986595,0.005796888775907807,0.9,23.68549572069142,0.9336523819024456,0.37955771114243075
RD,Cervus elaphus,28,64.362491,0.647,0.013021072049614427,0.3678591963986595,0.004789921100420209,0.9,23.019806379716403,0.9463606666968047,0.3844092847215555
RD,Cervus elaphus,29,63.760408,0.659,0.01728632978809381,0.3678591963986595,0.006358935384530398,0.9,22.71383597292629,0.930328148107593,0.3783792211862457
RD,Cervus elaphus,30,86.197926,0.869,0.02032351337533533,0.3678591963986595,0.007476191298248262,0.9,18.453639075096,0.9333439767071922,0.37995111044387053
RD,Cervus elaphus,31,55.169878,0.591,0.0093372350986726,0.3678591963986595,0.003434787799983061,0.9,24.568559250933035,0.958683879700539,0.38898670558171206
RD,Cervus elaphus,32,52.234794,0.567,0.011156395142654062,0.3678591963986595,0.0041039825518826316,0.9,25.300633686697907,0.9494079685983097,0.3854323076688878
RD,Cervus elaphus,33,79.32336,0.808,0.021468098640576794,0.3678591963986595,0.007897237514129733,0.9,19.511838596047863,0.9258483636848344,0.3770289995823102
RD,Cervus elaphus,1,99.365844,0.887,0.0449358552300514,0.3678591963986595,0.01653006759441321,0.99,216.12018716160176,0.16758901246812546,0.06872974790019996
RD,Cervus elaphus,2,50.834548,0.554,0.029101521631758335,0.3678591963986595,0.010705262361436827,0.99,337.91215202643264,0.16386389221085967,0.06688250441550528
RD,Cervus elaphus,3,55.858895,0.638,0.02419855970106573,0.3678591963986595,0.008901662725639026,0.99,295.7839437850323,0.2680760812181035,0.10925677594991734
RD,Cervus elaphus,4,68.74166,0.813,0.058484515358719555,0.3678591963986595,0.021514066821623636,0.99,234.9018540821343,0.07991057415322349,0.0329065596472035
RD,Cervus elaphus,5,134.755514,1.268,0.08556245033381923,0.3678591963986595,0.03147493422169896,0.99,153.17849612877413,0.0897576925057708,0.0372672535053403
RD,Cervus elaphus,6,51.846305,0.596,0.016937201956448596,0.3678591963986595,0.006230505500940984,0.99,315.43892078397965,0.374309619069908,0.15222175953803344
RD,Cervus elaphus,7,52.316097,0.64,0.029803577250941734,0.3678591963986595,0.010963519977336796,0.99,294.90925908925385,0.1985683755888503,0.08106453789061038
RD,Cervus elaphus,8,55.694185,0.621,0.026136344455097476,0.3678591963986595,0.009614494668050717,0.99,303.4350000091357,0.23254137917505796,0.09482939395668617
RD,Cervus elaphus,9,109.724705,1.094,0.057606532796056285,0.3678591963986595,0.02119109286167029,0.99,176.6584376326771,0.1538476151709043,0.06333641704844999
RD,Cervus elaphus,10,55.766398,0.553,0.03452565577394624,0.3678591963986595,0.012700579988140602,0.99,338.486592975042,0.11654381007779588,0.04764599863435499
RD,Cervus elaphus,11,103.264037,1.013,0.045401928081098546,0.3678591963986595,0.016701516778862644,0.99,190.24451332581512,0.2041937531178242,0.08375345622152512
RD,Cervus elaphus,12,100.048917,1.042,0.04549439367449429,0.3678591963986595,0.016735531097743728,0.99,185.14573241421206,0.21240592782646583,0.08712424698503038
RD,Cervus elaphus,13,72.175023,0.763,0.025876488051024927,0.3678591963986595,0.009518904100069545,0.99,249.56622011163245,0.3048917577674484,0.12432388064823546
RD,Cervus elaphus,14,81.685338,0.85,0.03397468970537703,0.3678591963986595,0.012497902052913804,0.99,225.11815041228044,0.24493747695858048,0.10011992065695406
RD,Cervus elaphus,15,94.138249,0.964,0.03423336206522206,0.3678591963986595,0.012593057059336941,0.99,199.53188442804827,0.28468892020931025,0.11637765643924831
RD,Cervus elaphus,16,47.758366,0.548,0.016496517216512484,0.3678591963986595,0.006068395566642934,0.99,341.3885456198402,0.35492798530853664,0.14432073602564893
RD,Cervus elaphus,17,65.067212,0.67,0.012602058072633184,0.3678591963986595,0.004635782955568083,0.99,282.3866773131167,0.5196801915878901,0.21106633601732555
RD,Cervus elaphus,18,125.768775,1.08,0.03467099031889643,0.3678591963986595,0.012754042637054944,0.99,178.8656853484835,0.3196175070392023,0.13067327228194256
RD,Cervus elaphus,19,115.140355,0.993,0.030480272294926364,0.3678591963986595,0.011212448472423937,0.99,193.92839874972523,0.3371571660783885,0.1376706938994375
RD,Cervus elaphus,20,140.935159,1.129,0.0566401874909252,0.3678591963986595,0.02083561385428115,0.99,171.37233290625136,0.16774272421279782,0.06903658818784802
RD,Cervus elaphus,21,83.473711,0.855,0.023528941386533966,0.3678591963986595,0.008655337470561545,0.99,223.85846779920794,0.3795437930027309,0.15465537461791698
RD,Cervus elaphus,22,85.849967,0.652,0.03225240100075418,0.3678591963986595,0.011864342314064755,0.99,289.76850713382754,0.17925312243076633,0.07323304701242193
RD,Cervus elaphus,23,82.663824,0.951,0.03481269012342725,0.3678591963986595,0.012806168213279498,0.99,202.1507450996228,0.27406547998624664,0.11205443631879104
RD,Cervus elaphus,24,71.624245,0.697,0.02913139809656905,0.3678591963986595,0.01071625269377333,0.99,271.9967714604423,0.2328424888745911,0.09503758452818281
RD,Cervus elaphus,25,71.803109,0.76,0.0161595602580897,0.3678591963986595,0.005944442850696592,0.99,250.50483054846143,0.47494521211804425,0.19310264790478726
RD,Cervus elaphus,26,50.001067,0.517,0.012600818956581127,0.3678591963986595,0.004635327135332928,0.99,360.56229675931047,0.43358730861986744,0.17609994025330697
RD,Cervus elaphus,27,64.514562,0.622,0.015758444624082615,0.3678591963986595,0.005796888775907807,0.99,302.9739306611378,0.41554968665962383,0.1689334178241954
RD,Cervus elaphus,28,64.362491,0.647,0.013021072049614427,0.3678591963986595,0.004789921100420209,0.99,291.88841860554186,0.49705169330336635,0.2019011277796486
RD,Cervus elaphus,29,63.760408,0.659,0.01728632978809381,0.3678591963986595,0.006358935384530398,0.99,286.85213486960015,0.40170507846076553,0.16337983005644333
RD,Cervus elaphus,30,86.197926,0.869,0.02032351337533533,0.3678591963986595,0.007476191298248262,0.99,220.40552979514527,0.4387186534115945,0.17859614857563844
RD,Cervus elaphus,31,55.169878,0.591,0.0093372350986726,0.3678591963986595,0.003434787799983061,0.99,317.95532648242823,0.5792306403397717,0.23502326817900976
RD,Cervus elaphus,32,52.234794,0.567,0.011156395142654062,0.3678591963986595,0.0041039825518826316,0.99,330.6191362757263,0.507414232018596,0.20599557288286294
RD,Cervus elaphus,33,79.32336,0.808,0.021468098640576794,0.3678591963986595,0.007897237514129733,0.99,236.2899106681008,0.39336443811285876,0.16018800312254422
RD,Cervus elaphus,1,99.365844,0.887,0.0449358552300514,0.3678591963986595,0.01653006759441321,0.999,2239.758605593593,9.130178671503754e-9,3.7443676595181655e-9
RD,Cervus elaphus,2,50.834548,0.554,0.029101521631758335,0.3678591963986595,0.010705262361436827,0.999,3572.468885424622,4.958768822606843e-9,2.023965580206647e-9
RD,Cervus elaphus,3,55.858895,0.638,0.02419855970106573,0.3678591963986595,0.008901662725639026,0.999,3106.1349431730127,9.906715185208746e-7,4.037569321633689e-7
RD,Cervus elaphus,4,68.74166,0.813,0.058484515358719555,0.3678591963986595,0.021514066821623636,0.999,2442.170300472496,3.898194896172605e-12,1.6052466676233186e-12
RD,Cervus elaphus,5,134.755514,1.268,0.08556245033381923,0.3678591963986595,0.03147493422169896,0.999,1569.9603601886704,1.8612280078080456e-11,7.72778957009867e-12
RD,Cervus elaphus,6,51.846305,0.596,0.016937201956448596,0.3678591963986595,0.006230505500940984,0.999,3323.0084076837184,3.19285143113677e-5,1.2984476968527904e-5
RD,Cervus elaphus,7,52.316097,0.64,0.029803577250941734,0.3678591963986595,0.010963519977336796,0.999,3096.5120441866297,4.247560914413464e-8,1.7340453215072786e-8
RD,Cervus elaphus,8,55.694185,0.621,0.026136344455097476,0.3678591963986595,0.009614494668050717,0.999,3190.4117934343258,2.183648414448213e-7,8.904826164323925e-8
RD,Cervus elaphus,9,109.724705,1.094,0.057606532796056285,0.3678591963986595,0.02119109286167029,0.999,1818.266778402979,4.29622084381615e-9,1.7686802281199377e-9
RD,Cervus elaphus,10,55.766398,0.553,0.03452565577394624,0.3678591963986595,0.012700579988140602,0.999,3578.866130522641,1.348527358062671e-10,5.5131141343117756e-11
RD,Cervus elaphus,11,103.264037,1.013,0.045401928081098546,0.3678591963986595,0.016701516778862644,0.999,1962.7946142126304,7.612998783911279e-8,3.122597780917028e-8
RD,Cervus elaphus,12,100.048917,1.042,0.04549439367449429,0.3678591963986595,0.016735531097743728,0.999,1908.4815255256449,1.159941637098489e-7,4.75782586262629e-8
RD,Cervus elaphus,13,72.175023,0.763,0.025876488051024927,0.3678591963986595,0.009518904100069545,0.999,2601.0072679522023,4.204440313606566e-6,1.7144193715467487e-6
RD,Cervus elaphus,14,81.685338,0.85,0.03397468970537703,0.3678591963986595,0.012497902052913804,0.999,2336.586649017256,4.5579825946399854e-7,1.8631075219587648e-7
RD,Cervus elaphus,15,94.138249,0.964,0.03423336206522206,0.3678591963986595,0.012593057059336941,0.999,2061.9481272457238,2.298818621306322e-6,9.397314216859518e-7
RD,Cervus elaphus,16,47.758366,0.548,0.016496517216512484,0.3678591963986595,0.006068395566642934,0.999,3611.1994221719892,1.7433912019347095e-5,7.088973308913277e-6
RD,Cervus elaphus,17,65.067212,0.67,0.012602058072633184,0.3678591963986595,0.004635782955568083,0.999,2959.010316117609,0.0010503153837847922,4.265820081398943e-4
RD,Cervus elaphus,18,125.768775,1.08,0.03467099031889643,0.3678591963986595,0.012754042637054944,0.999,1841.705158730097,7.932097466182089e-6,3.242979840394621e-6
RD,Cervus elaphus,19,115.140355,0.993,0.030480272294926364,0.3678591963986595,0.011212448472423937,0.999,2002.0900261048894,1.3347711281179562e-5,5.450243562736862e-6
RD,Cervus elaphus,20,140.935159,1.129,0.0566401874909252,0.3678591963986595,0.02083561385428115,0.999,1762.2014006630097,1.0643952368068678e-8,4.380649949342866e-9
RD,Cervus elaphus,21,83.473711,0.855,0.023528941386533966,0.3678591963986595,0.008655337470561545,0.999,2323.015114360553,4.304605874144817e-5,1.7540279839158442e-5
RD,Cervus elaphus,22,85.849967,0.652,0.03225240100075418,0.3678591963986595,0.011864342314064755,0.999,3040.0047699705055,1.4723387608737315e-8,6.015172970552983e-9
RD,Cervus elaphus,23,82.663824,0.951,0.03481269012342725,0.3678591963986595,0.012806168213279498,0.999,2089.9593225453955,1.542377776298651e-6,6.306167136497775e-7
RD,Cervus elaphus,24,71.624245,0.697,0.02913139809656905,0.3678591963986595,0.01071625269377333,0.999,2845.304897822871,2.3931069792586665e-7,9.767766524295152e-8
RD,Cervus elaphus,25,71.803109,0.76,0.0161595602580897,0.3678591963986595,0.005944442850696592,0.999,2611.1975048200866,4.260059819564209e-4,1.7320499510292578e-4
RD,Cervus elaphus,26,50.001067,0.517,0.012600818956581127,0.3678591963986595,0.004635327135332928,0.999,3825.4924379069294,1.4107703747468718e-4,5.729793602466066e-5
RD,Cervus elaphus,27,64.514562,0.622,0.015758444624082615,0.3678591963986595,0.005796888775907807,0.999,3185.327842845745,9.780883868649388e-5,3.976222806361761e-5
RD,Cervus elaphus,28,64.362491,0.647,0.013021072049614427,0.3678591963986595,0.004789921100420209,0.999,3063.2967312159753,6.513425752846958e-4,2.645736898045693e-4
RD,Cervus elaphus,29,63.760408,0.659,0.01728632978809381,0.3678591963986595,0.006358935384530398,0.999,3007.9852299634676,7.02260061554891e-5,2.8562031117929138e-5
RD,Cervus elaphus,30,86.197926,0.869,0.02032351337533533,0.3678591963986595,0.007476191298248262,0.999,2285.840557684175,1.9457543231658005e-4,7.920890198981136e-5
RD,Cervus elaphus,31,55.169878,0.591,0.0093372350986726,0.3678591963986595,0.003434787799983061,0.999,3350.8624836588633,0.003167695936912587,0.0012852950100392818
RD,Cervus elaphus,32,52.234794,0.567,0.011156395142654062,0.3678591963986595,0.0041039825518826316,0.999,3491.3402548312984,7.737979660239569e-4,3.1413970134928606e-4
RD,Cervus elaphus,33,79.32336,0.808,0.021468098640576794,0.3678591963986595,0.007897237514129733,0.999,2457.175152694077,6.113366281161565e-5,2.4895182229335166e-5
